Airlines,Date_of_Journey,Source,Destination,Dep_times,Arrival_time,Duration,Stops,Price
SpiceJet,10/11/2021,New Delhi,Mumbai,7:20,9:35,2h 15m,Non Stop,2998
SpiceJet,10/11/2021,New Delhi,Mumbai,6:20,8:40,2h 20m,Non Stop,2998
SpiceJet,10/11/2021,New Delhi,Mumbai,19:45,22:05,2h 20m,Non Stop,2998
SpiceJet,10/11/2021,New Delhi,Mumbai,18:55,21:05,2h 10m,Non Stop,3177
Air India,10/11/2021,New Delhi,Mumbai,7:00,9:05,2h 05m,Non Stop,4931
Air India,10/11/2021,New Delhi,Mumbai,8:00,10:10,2h 10m,Non Stop,4931
IndiGo,10/11/2021,New Delhi,Mumbai,8:10,10:20,2h 10m,Non Stop,4931
Air India,10/11/2021,New Delhi,Mumbai,17:50,20:00,2h 10m,Non Stop,4931
Air India,10/11/2021,New Delhi,Mumbai,9:00,11:15,2h 15m,Non Stop,4931
IndiGo,10/11/2021,New Delhi,Mumbai,20:00,22:15,2h 15m,Non Stop,4931
IndiGo,10/11/2021,New Delhi,Mumbai,8:45,11:05,2h 20m,Non Stop,4931
Air India,10/11/2021,New Delhi,Mumbai,17:50,21:35,3h 45m,1 Stop,4931
Air India,10/11/2021,New Delhi,Mumbai,10:40,12:50,2h 10m,Non Stop,5416
Air Asia,10/11/2021,New Delhi,Mumbai,20:00,02:25,6h 25m,1 Stop,5953
Air Asia,10/11/2021,New Delhi,Mumbai,5:20,14:10,8h 50m,1 Stop,5953
Air Asia,10/11/2021,New Delhi,Mumbai,21:25,06:45,9h 20m,1 Stop,5953
Air Asia,10/11/2021,New Delhi,Mumbai,21:25,07:15,9h 50m,1 Stop,5953
Air Asia,10/11/2021,New Delhi,Mumbai,20:45,06:45,10h 00m,1 Stop,5953
Air Asia,10/11/2021,New Delhi,Mumbai,20:45,07:15,10h 30m,1 Stop,5953
Air Asia,10/11/2021,New Delhi,Mumbai,20:00,07:40,11h 40m,1 Stop,5953
Go First,10/11/2021,New Delhi,Mumbai,7:00,9:10,2h 10m,Non Stop,5954
Go First,10/11/2021,New Delhi,Mumbai,8:00,10:10,2h 10m,Non Stop,5954
Go First,10/11/2021,New Delhi,Mumbai,22:30,12:40,2h 10m,Non Stop,5954
Go First,10/11/2021,New Delhi,Mumbai,2:00,4:15,2h 15m,Non Stop,5954
Go First,10/11/2021,New Delhi,Mumbai,15:00,17:15,2h 15m,Non Stop,5954
Go First,10/11/2021,New Delhi,Mumbai,19:40,21:55,2h 15m,Non Stop,5954
Go First,10/11/2021,New Delhi,Mumbai,21:00,23:15,2h 15m,Non Stop,5954
Go First,10/11/2021,New Delhi,Mumbai,10:30,12:50,2h 20m,Non Stop,5954
Go First,10/11/2021,New Delhi,Mumbai,18:05,20:25,2h 20m,Non Stop,5954
Go First,10/11/2021,New Delhi,Mumbai,9:00,15:45,6h 45m,1 Stop,5954
Vistara,10/11/2021,New Delhi,Mumbai,6:00,8:00,2h 00m,Non Stop,5955
IndiGo,10/11/2021,New Delhi,Mumbai,6:30,8:40,2h 10m,Non Stop,5955
IndiGo,10/11/2021,New Delhi,Mumbai,7:15,9:25,2h 10m,Non Stop,5955
Vistara,10/11/2021,New Delhi,Mumbai,9:30,11:40,2h 10m,Non Stop,5955
Vistara,10/11/2021,New Delhi,Mumbai,12:50,15:00,2h 10m,Non Stop,5955
Vistara,10/11/2021,New Delhi,Mumbai,15:30,17:40,2h 10m,Non Stop,5955
Vistara,10/11/2021,New Delhi,Mumbai,16:55,19:05,2h 10m,Non Stop,5955
Vistara,10/11/2021,New Delhi,Mumbai,19:50,22:00,2h 10m,Non Stop,5955
Vistara,10/11/2021,New Delhi,Mumbai,20:40,22:50,2h 10m,Non Stop,5955
Vistara,10/11/2021,New Delhi,Mumbai,21:40,23:50,2h 10m,Non Stop,5955
Vistara,10/11/2021,New Delhi,Mumbai,7:30,9:45,2h 15m,Non Stop,5955
Vistara,10/11/2021,New Delhi,Mumbai,10:20,12:35,2h 15m,Non Stop,5955
IndiGo,10/11/2021,New Delhi,Mumbai,14:20,16:35,2h 15m,Non Stop,5955
IndiGo,10/11/2021,New Delhi,Mumbai,16:00,18:15,2h 15m,Non Stop,5955
Air India,10/11/2021,New Delhi,Mumbai,19:00,21:15,2h 15m,Non Stop,5955
Vistara,10/11/2021,New Delhi,Mumbai,8:50,11:10,2h 20m,Non Stop,5955
IndiGo,10/11/2021,New Delhi,Mumbai,10:45,13:05,2h 20m,Non Stop,5955
Vistara,10/11/2021,New Delhi,Mumbai,11:40,14:00,2h 20m,Non Stop,5955
Vistara,10/11/2021,New Delhi,Mumbai,17:45,20:05,2h 20m,Non Stop,5955
Vistara,10/11/2021,New Delhi,Mumbai,18:55,21:15,2h 20m,Non Stop,5955
IndiGo,10/11/2021,New Delhi,Mumbai,4:45,7:10,2h 25m,Non Stop,5955
Air India,10/11/2021,New Delhi,Mumbai,15:05,18:15,3h 10m,1 Stop,5955
SpiceJet,10/11/2021,New Delhi,Mumbai,6:35,10:15,3h 40m,1 Stop,5955
IndiGo,10/11/2021,New Delhi,Mumbai,5:15,10:05,4h 50m,1 Stop,5955
SpiceJet,10/11/2021,New Delhi,Mumbai,19:00,23:50,4h 50m,1 Stop,5955
SpiceJet,10/11/2021,New Delhi,Mumbai,20:10,09:30,13h 20m,1 Stop,5955
Air Asia,10/11/2021,New Delhi,Mumbai,4:25,6:35,2h 10m,Non Stop,5956
IndiGo,10/11/2021,New Delhi,Mumbai,1:05,3:20,2h 15m,Non Stop,6165
IndiGo,10/11/2021,New Delhi,Mumbai,12:55,17:50,4h 55m,1 Stop,6218
IndiGo,10/11/2021,New Delhi,Mumbai,9:35,14:35,5h 00m,1 Stop,6218
IndiGo,10/11/2021,New Delhi,Mumbai,9:35,17:50,8h 15m,1 Stop,6218
IndiGo,10/11/2021,New Delhi,Mumbai,23:15,01:25,2h 10m,Non Stop,6375
IndiGo,10/11/2021,New Delhi,Mumbai,9:30,11:45,2h 15m,Non Stop,6375
IndiGo,10/11/2021,New Delhi,Mumbai,21:15,23:30,2h 15m,Non Stop,6375
Air Asia,10/11/2021,New Delhi,Mumbai,8:00,20:35,12h 35m,1 Stop,6376
IndiGo,10/11/2021,New Delhi,Mumbai,7:25,16:05,8h 40m,1 Stop,6443
IndiGo,10/11/2021,New Delhi,Mumbai,6:05,16:05,10h 00m,1 Stop,6443
IndiGo,10/11/2021,New Delhi,Mumbai,12:55,23:15,10h 20m,1 Stop,6506
Go First,10/11/2021,New Delhi,Mumbai,14:20,16:35,2h 15m,Non Stop,6532
Air Asia,10/11/2021,New Delhi,Mumbai,20:00,22:15,2h 15m,Non Stop,6559
IndiGo,10/11/2021,New Delhi,Mumbai,12:00,14:10,2h 10m,Non Stop,6585
IndiGo,10/11/2021,New Delhi,Mumbai,17:15,19:25,2h 10m,Non Stop,6585
IndiGo,10/11/2021,New Delhi,Mumbai,18:35,20:50,2h 15m,Non Stop,6585
SpiceJet,10/11/2021,New Delhi,Mumbai,12:00,13:15,25h 15m,1 Stop,6585
Air India,10/11/2021,New Delhi,Mumbai,5:55,23:25,17h 30m,1 Stop,6763
Air India,10/11/2021,New Delhi,Mumbai,20:00,22:10,2h 10m,Non Stop,6795
SpiceJet,10/11/2021,New Delhi,Mumbai,11:20,18:00,6h 40m,1 Stop,6901
SpiceJet,10/11/2021,New Delhi,Mumbai,19:00,10:35,15h 35m,1 Stop,6901
IndiGo,10/11/2021,New Delhi,Mumbai,13:30,20:20,6h 50m,1 Stop,6932
IndiGo,10/11/2021,New Delhi,Mumbai,13:30,23:10,9h 40m,1 Stop,6932
IndiGo,10/11/2021,New Delhi,Mumbai,21:20,07:06,9h 45m,1 Stop,6932
IndiGo,10/11/2021,New Delhi,Mumbai,17:55,23:15,5h 20m,1 Stop,7005
Air Asia,10/11/2021,New Delhi,Mumbai,9:35,20:35,11h 00m,1 Stop,7007
IndiGo,10/11/2021,New Delhi,Mumbai,11:25,16:40,5h 15m,1 Stop,7420
IndiGo,10/11/2021,New Delhi,Mumbai,12:55,20:45,7h 50m,1 Stop,7420
IndiGo,10/11/2021,New Delhi,Mumbai,11:25,20:20,8h 55m,1 Stop,7420
Air India,10/11/2021,New Delhi,Mumbai,19:00,15:55,20h 50m,1 Stop,7793
IndiGo,10/11/2021,New Delhi,Mumbai,18:00,22:25,4h 25m,1 Stop,7908
Air India,10/11/2021,New Delhi,Mumbai,11:55,15:50,3h 55m,1 Stop,7930
IndiGo,10/11/2021,New Delhi,Mumbai,10:15,18:05,7h 50m,1 Stop,8396
IndiGo,10/11/2021,New Delhi,Mumbai,20:20,05:55,9h 35m,1 Stop,8396
Air India,10/11/2021,New Delhi,Mumbai,6:05,15:50,9h 45m,1 Stop,8475
Go First,10/11/2021,New Delhi,Mumbai,6:00,10:40,4h 40m,1 Stop,8869
Go First,10/11/2021,New Delhi,Mumbai,15:30,21:25,5h 55m,1 Stop,8869
Go First,10/11/2021,New Delhi,Mumbai,6:00,12:30,6h 30m,1 Stop,8869
IndiGo,10/11/2021,New Delhi,Mumbai,5:30,10:55,5h 25m,1 Stop,8885
Air India,10/11/2021,New Delhi,Mumbai,5:15,16:25,11h 10m,2 Stop(s),9041
IndiGo,10/11/2021,New Delhi,Mumbai,18:30,23:10,4h 40m,1 Stop,9373
IndiGo,10/11/2021,New Delhi,Mumbai,13:50,19:50,6h 00m,1 Stop,9389
Vistara,10/11/2021,New Delhi,Mumbai,17:40,23:00,5h 20m,1 Stop,9840
Vistara,10/11/2021,New Delhi,Mumbai,7:05,14:30,7h 25m,1 Stop,9840
Vistara,10/11/2021,New Delhi,Mumbai,20:35,10:00,13h 25m,1 Stop,9840
Vistara,10/11/2021,New Delhi,Mumbai,7:05,23:00,15h 55m,1 Stop,9840
Vistara,10/11/2021,New Delhi,Mumbai,17:40,10:00,16h 20m,1 Stop,984
Vistara,10/11/2021,New Delhi,Mumbai,20:35,14:30,17h 55m,1 Stop,9840
Vistara,10/11/2021,New Delhi,Mumbai,17:40,14:30,20h 50m,1 Stop,9840
Vistara,10/11/2021,New Delhi,Mumbai,20:35,23:00,26h 25m,1 Stop,9840
Air India,10/11/2021,New Delhi,Mumbai,21:10,09:40,12h 30m,1 Stop,9889
Vistara,10/11/2021,New Delhi,Mumbai,10:55,16:00,5h 05m,1 Stop,9893
Vistara,10/11/2021,New Delhi,Mumbai,14:45,23:00,8h 15m,1 Stop,9945
Vistara,10/11/2021,New Delhi,Mumbai,14:45,10:00,19h 15m,1 Stop,9945
Vistara,10/11/2021,New Delhi,Mumbai,14:45,14:30,23h 45m,1 Stop,9945
Air India,10/11/2021,New Delhi,Mumbai,11:00,17:25,6h 25m,1 Stop,9958
Air India,10/11/2021,New Delhi,Mumbai,7:05,13:25,6h 20m,1 Stop,9975
IndiGo,10/11/2021,New Delhi,Mumbai,6:40,16:40,10h 00m,1 Stop,10349
Go First,10/11/2021,New Delhi,Mumbai,9:10,16:15,7h 05m,1 Stop,10549
Vistara,10/11/2021,New Delhi,Mumbai,17:10,21:35,4h 25m,1 Stop,10575
Vistara,10/11/2021,New Delhi,Mumbai,13:40,21:35,7h 55m,1 Stop,10628
Go First,10/11/2021,New Delhi,Mumbai,9:00,17:00,8h 00m,1 Stop,11731
Go First,10/11/2021,New Delhi,Mumbai,12:20,18:10,5h 50m,1 Stop,11977
Go First,10/11/2021,New Delhi,Mumbai,11:50,18:10,6h 20m,1 Stop,11977
Go First,10/11/2021,New Delhi,Mumbai,9:15,18:10,8h 55m,1 Stop,11977
Go First,10/11/2021,New Delhi,Mumbai,10:45,17:00,6h 15m,1 Stop,12309
Go First,10/11/2021,New Delhi,Mumbai,11:30,17:00,5h 30m,1 Stop,13463
Air India,10/11/2021,New Delhi,Mumbai,13:20,17:50,4h 30m,1 Stop,13515
Air India,10/11/2021,New Delhi,Mumbai,22:00,22:20,24h 25m,1 Stop,14408
Air India,10/11/2021,New Delhi,Mumbai,22:00,16:35,18h 35m,1 Stop,15195
Air India,10/11/2021,New Delhi,Mumbai,4:55,13:45,8h 50m,1 Stop,15290
Vistara,10/11/2021,New Delhi,Mumbai,11:10,23:10,12h 00m,1 Stop,15615
IndiGo,10/11/2021,New Delhi,Mumbai,7:20,14:50,7h 30m,1 Stop,15720
SpiceJet,10/11/2021,New Delhi,Mumbai,15:00,12:35,21h 35m,1 Stop,17163
Vistara,10/11/2021,New Delhi,Mumbai,18:40,14:45,20h 05m,1 Stop,18030
Vistara,10/11/2021,New Delhi,Mumbai,11:10,14:45,27h 35m,1 Stop,21285
SpiceJet,10/11/2021,New Delhi,Mumbai,7:20,9:35,2h 15m,Non Stop,2998
SpiceJet,10/11/2021,New Delhi,Mumbai,6:20,8:40,2h 20m,Non Stop,2998
SpiceJet,10/11/2021,New Delhi,Mumbai,19:45,22:05,2h 20m,Non Stop,2998
SpiceJet,10/11/2021,New Delhi,Mumbai,18:55,21:05,2h 10m,Non Stop,3177
Air India,10/11/2021,New Delhi,Mumbai,7:00,9:05,2h 05m,Non Stop,4931
Air India,10/11/2021,New Delhi,Mumbai,8:00,10:10,2h 10m,Non Stop,4931
IndiGo,10/11/2021,New Delhi,Mumbai,8:10,10:20,2h 10m,Non Stop,4931
Air India,10/11/2021,New Delhi,Mumbai,17:50,20:00,2h 10m,Non Stop,4931
Air India,10/11/2021,New Delhi,Mumbai,9:00,11:15,2h 15m,Non Stop,4931
IndiGo,10/11/2021,New Delhi,Mumbai,20:00,22:15,2h 15m,Non Stop,4931
IndiGo,10/11/2021,New Delhi,Mumbai,8:45,11:05,2h 20m,Non Stop,4931
Air India,10/11/2021,New Delhi,Mumbai,17:50,21:35,3h 45m,1 Stop,4931
Air India,10/11/2021,New Delhi,Mumbai,10:40,12:50,2h 10m,Non Stop,5416
Air Asia,10/11/2021,New Delhi,Mumbai,20:00,02:25,6h 25m,1 Stop,5953
Air Asia,10/11/2021,New Delhi,Mumbai,5:20,14:10,8h 50m,1 Stop,5953
Go First,10/11/2021,New Delhi,Mumbai,7:00,9:10,2h 10m,Non Stop,5954
Go First,10/11/2021,New Delhi,Mumbai,8:00,10:10,2h 10m,Non Stop,5954
Go First,10/11/2021,New Delhi,Mumbai,22:30,00:40,2h 10m,Non Stop,5954
Go First,10/11/2021,New Delhi,Mumbai,2:00,4:15,2h 15m,Non Stop,5954
Go First,10/11/2021,New Delhi,Mumbai,15:00,17:15,2h 15m,Non Stop,5954
Go First,10/11/2021,New Delhi,Mumbai,19:40,21:55,2h 15m,Non Stop,5954
Go First,10/11/2021,New Delhi,Mumbai,21:00,23:15,2h 15m,Non Stop,5954
Go First,10/11/2021,New Delhi,Mumbai,10:30,12:50,2h 20m,Non Stop,5954
Go First,10/11/2021,New Delhi,Mumbai,18:05,20:25,2h 20m,Non Stop,5954
Go First,10/11/2021,New Delhi,Mumbai,9:00,15:45,6h 45m,1 Stop,5954
Vistara,10/11/2021,New Delhi,Mumbai,6:00,8:00,2h 00m,Non Stop,5955
IndiGo,10/11/2021,New Delhi,Mumbai,6:30,8:40,2h 10m,Non Stop,5955
IndiGo,10/11/2021,New Delhi,Mumbai,7:15,9:25,2h 10m,Non Stop,5955
Vistara,10/11/2021,New Delhi,Mumbai,9:30,11:40,2h 10m,Non Stop,5955
Vistara,10/11/2021,New Delhi,Mumbai,12:50,15:00,2h 10m,Non Stop,5955
Vistara,10/11/2021,New Delhi,Mumbai,15:30,17:40,2h 10m,Non Stop,5955
Vistara,10/11/2021,New Delhi,Mumbai,16:55,19:05,2h 10m,Non Stop,5955
Vistara,10/11/2021,New Delhi,Mumbai,19:50,22:00,2h 10m,Non Stop,5955
Vistara,10/11/2021,New Delhi,Mumbai,20:40,22:50,2h 10m,Non Stop,5955
Vistara,10/11/2021,New Delhi,Mumbai,21:40,23:50,2h 10m,Non Stop,5955
Vistara,10/11/2021,New Delhi,Mumbai,7:30,9:45,2h 15m,Non Stop,5955
Vistara,10/11/2021,New Delhi,Mumbai,10:20,12:35,2h 15m,Non Stop,5955
IndiGo,10/11/2021,New Delhi,Mumbai,14:20,16:35,2h 15m,Non Stop,5955
IndiGo,10/11/2021,New Delhi,Mumbai,16:00,18:15,2h 15m,Non Stop,5955
Air India,10/11/2021,New Delhi,Mumbai,19:00,21:15,2h 15m,Non Stop,5955
Vistara,10/11/2021,New Delhi,Mumbai,8:50,11:10,2h 20m,Non Stop,5955
IndiGo,10/11/2021,New Delhi,Mumbai,10:45,13:05,2h 20m,Non Stop,5955
Vistara,10/11/2021,New Delhi,Mumbai,11:40,14:00,2h 20m,Non Stop,5955
Vistara,10/11/2021,New Delhi,Mumbai,17:45,20:05,2h 20m,Non Stop,5955
Vistara,10/11/2021,New Delhi,Mumbai,18:55,21:15,2h 20m,Non Stop,5955
IndiGo,10/11/2021,New Delhi,Mumbai,4:45,7:10,2h 25m,Non Stop,5955
Air India,10/11/2021,New Delhi,Mumbai,15:05,18:15,3h 10m,1 Stop,5955
SpiceJet,10/11/2021,New Delhi,Mumbai,6:35,10:15,3h 40m,1 Stop,5955
IndiGo,10/11/2021,New Delhi,Mumbai,5:15,10:05,4h 50m,1 Stop,5955
SpiceJet,10/11/2021,New Delhi,Mumbai,19:00,23:50,4h 50m,1 Stop,5955
SpiceJet,10/11/2021,New Delhi,Mumbai,20:10,09:30,13h 20m,1 Stop,5955
Air Asia,10/11/2021,New Delhi,Mumbai,4:25,6:35,2h 10m,Non Stop,5956
IndiGo,10/11/2021,New Delhi,Mumbai,1:05,3:20,2h 15m,Non Stop,6165
IndiGo,10/11/2021,New Delhi,Mumbai,12:55,17:50,4h 55m,1 Stop,6218
IndiGo,10/11/2021,New Delhi,Mumbai,9:35,14:35,5h 00m,1 Stop,6218
IndiGo,10/11/2021,New Delhi,Mumbai,9:35,17:50,8h 15m,1 Stop,6218
IndiGo,10/11/2021,New Delhi,Mumbai,9:30,11:45,2h 15m,Non Stop,6375
IndiGo,10/11/2021,New Delhi,Mumbai,21:15,23:30,2h 15m,Non Stop,6375
Air Asia,10/11/2021,New Delhi,Mumbai,8:00,20:35,12h 35m,1 Stop,6376
IndiGo,10/11/2021,New Delhi,Mumbai,7:25,16:05,8h 40m,1 Stop,6443
IndiGo,10/11/2021,New Delhi,Mumbai,6:05,16:05,10h 00m,1 Stop,6443
IndiGo,10/11/2021,New Delhi,Mumbai,12:55,23:15,10h 20m,1 Stop,6506
Go First,10/11/2021,New Delhi,Mumbai,14:20,16:35,2h 15m,Non Stop,6532
Air Asia,10/11/2021,New Delhi,Mumbai,20:00,22:15,2h 15m,Non Stop,6559
IndiGo,10/11/2021,New Delhi,Mumbai,12:00,14:10,2h 10m,Non Stop,6585
IndiGo,10/11/2021,New Delhi,Mumbai,17:15,19:25,2h 10m,Non Stop,6585
IndiGo,10/11/2021,New Delhi,Mumbai,18:35,20:50,2h 15m,Non Stop,6585
Air India,10/11/2021,New Delhi,Mumbai,5:55,23:25,17h 30m,1 Stop,6763
Air India,10/11/2021,New Delhi,Mumbai,20:00,22:10,2h 10m,Non Stop,6795
SpiceJet,10/11/2021,New Delhi,Mumbai,11:20,18:00,6h 40m,1 Stop,6901
SpiceJet,10/11/2021,New Delhi,Mumbai,19:00,10:30,15h 35m,1 Stop,6901
IndiGo,10/11/2021,New Delhi,Mumbai,13:30,20:20,6h 50m,1 Stop,6932
IndiGo,10/11/2021,New Delhi,Mumbai,13:30,23:10,9h 40m,1 Stop,6932
IndiGo,10/11/2021,New Delhi,Mumbai,21:20,07:05,9h 45m,1 Stop,6932
IndiGo,10/11/2021,New Delhi,Mumbai,17:55,23:15,5h 20m,1 Stop,7005
Air Asia,10/11/2021,New Delhi,Mumbai,9:35,20:35,11h 00m,1 Stop,7007
IndiGo,10/11/2021,New Delhi,Mumbai,11:25,16:40,5h 15m,1 Stop,7420
IndiGo,10/11/2021,New Delhi,Mumbai,12:55,20:45,7h 50m,1 Stop,7420
IndiGo,10/11/2021,New Delhi,Mumbai,11:25,20:20,8h 55m,1 Stop,7420
IndiGo,10/11/2021,New Delhi,Mumbai,18:00,22:25,4h 25m,1 Stop,7908
Air India,10/11/2021,New Delhi,Mumbai,11:55,15:50,3h 55m,1 Stop,7930
IndiGo,10/11/2021,New Delhi,Mumbai,10:15,18:05,7h 50m,1 Stop,8396
Air India,10/11/2021,New Delhi,Mumbai,6:05,15:50,9h 45m,1 Stop,8475
Go First,10/11/2021,New Delhi,Mumbai,6:00,10:40,4h 40m,1 Stop,8869
Go First,10/11/2021,New Delhi,Mumbai,15:30,21:25,5h 55m,1 Stop,8869
Go First,10/11/2021,New Delhi,Mumbai,6:00,12:30,6h 30m,1 Stop,8869
IndiGo,10/11/2021,New Delhi,Mumbai,5:30,10:55,5h 25m,1 Stop,8885
Air India,10/11/2021,New Delhi,Mumbai,5:15,16:25,11h 10m,2 Stop(s),9041
IndiGo,10/11/2021,New Delhi,Mumbai,18:30,23:10,4h 40m,1 Stop,9373
IndiGo,10/11/2021,New Delhi,Mumbai,22:15,05:55,7h 40m,1 Stop,9373
IndiGo,10/11/2021,New Delhi,Mumbai,22:15,08:25,10h 10m,1 Stop,9373
IndiGo,10/11/2021,New Delhi,Mumbai,13:50,19:50,6h 00m,1 Stop,9389
Air Asia,10/11/2021,New Delhi,Mumbai,18:35,06:45,12h 10m,1 Stop,9552
Air India,10/11/2021,New Delhi,Mumbai,19:10,21:15,26h 05m,1 Stop,9630
Air India,10/11/2021,New Delhi,Mumbai,5:15,09:20,28h 05m,2 Stop(s),9704
Vistara,10/11/2021,New Delhi,Mumbai,17:40,23:00,5h 20m,1 Stop,9840
Vistara,10/11/2021,New Delhi,Mumbai,7:05,14:30,7h 25m,1 Stop,9840
Vistara,10/11/2021,New Delhi,Mumbai,20:35,10:00,13h 25m,1 Stop,9840
Vistara,10/11/2021,New Delhi,Mumbai,7:05,23:00,15h 55m,1 Stop,9840
Vistara,10/11/2021,New Delhi,Mumbai,17:40,10:00,16h 20m,1 Stop,9840
Vistara,10/11/2021,New Delhi,Mumbai,20:35,14:30,17h 55m,1 Stop,9840
Vistara,10/11/2021,New Delhi,Mumbai,17:40,14:30,20h 50m,1 Stop,9840
Vistara,10/11/2021,New Delhi,Mumbai,20:35,23:00,26h 25m,1 Stop,9840
Air India,10/11/2021,New Delhi,Mumbai,21:10,09:40,12h 30m,1 Stop,9889
Vistara,10/11/2021,New Delhi,Mumbai,10:55,16:00,5h 05m,1 Stop,9893
Vistara,10/11/2021,New Delhi,Mumbai,14:45,23:00,8h 15m,1 Stop,9945
Vistara,10/11/2021,New Delhi,Mumbai,14:45,10:00,19h 15m,1 Stop,9945
Vistara,10/11/2021,New Delhi,Mumbai,14:45,14:30,23h 45m,1 Stop,9945
Air India,10/11/2021,New Delhi,Mumbai,11:00,17:25,6h 25m,1 Stop,9958
Air India,10/11/2021,New Delhi,Mumbai,7:05,13:25,6h 20m,1 Stop,9975
IndiGo,10/11/2021,New Delhi,Mumbai,21:50,08:15,10h 25m,1 Stop,10103
IndiGo,10/11/2021,New Delhi,Mumbai,6:40,16:40,10h 00m,1 Stop,10349
Go First,10/11/2021,New Delhi,Mumbai,9:10,16:15,7h 05m,1 Stop,10549
Vistara,10/11/2021,New Delhi,Mumbai,17:10,21:35,4h 25m,1 Stop,10575
Vistara,10/11/2021,New Delhi,Mumbai,13:40,21:35,7h 55m,1 Stop,10628
Air India,10/11/2021,New Delhi,Mumbai,16:45,16:25,23h 40m,2 Stop(s),10721
Air India,10/11/2021,New Delhi,Mumbai,22:00,08:45,10h 45m,1 Stop,10890
Air India,10/11/2021,New Delhi,Mumbai,22:00,00:10,26h 10m,1 Stop,10890
Air India,10/11/2021,New Delhi,Mumbai,18:30,13:25,18h 55m,1 Stop,11569
Air India,10/11/2021,New Delhi,Mumbai,12:50,07:55,19h 05m,1 Stop,12379
Air India,10/11/2021,New Delhi,Mumbai,18:40,17:25,22h 45m,1 Stop,13331
Go First,10/11/2021,New Delhi,Mumbai,11:30,17:00,5h 30m,1 Stop,13463
Air India,10/11/2021,New Delhi,Mumbai,13:20,17:50,4h 30m,1 Stop,13515
Air India,10/11/2021,New Delhi,Mumbai,4:55,13:45,8h 50m,1 Stop,15290
Vistara,10/11/2021,New Delhi,Mumbai,11:10,23:10,12h 00m,1 Stop,15615
IndiGo,10/11/2021,New Delhi,Mumbai,7:20,14:50,7h 30m,1 Stop,15720
Go First,10/11/2021,New Delhi,Mumbai,10:45,19:40,8h 55m,1 Stop,17505
Go First,10/11/2021,New Delhi,Mumbai,10:45,18:20,7h 35m,1 Stop,17715
Air India,10/11/2021,New Delhi,Mumbai,10:55,16:35,5h 40m,1 Stop,17925
Air India,10/11/2021,New Delhi,Mumbai,10:55,22:25,11h 30m,1 Stop,17925
SpiceJet,10/11/2021,New Delhi,Mumbai,7:20,9:35,2h 15m,Non Stop,2998
SpiceJet,10/11/2021,New Delhi,Mumbai,6:20,8:40,2h 20m,Non Stop,2998
SpiceJet,10/11/2021,New Delhi,Mumbai,19:45,22:05,2h 20m,Non Stop,2998
SpiceJet,10/11/2021,New Delhi,Mumbai,18:55,21:05,2h 10m,Non Stop,3177
Air India,10/11/2021,New Delhi,Mumbai,7:00,9:05,2h 05m,Non Stop,4931
Air India,10/11/2021,New Delhi,Mumbai,8:00,10:10,2h 10m,Non Stop,4931
IndiGo,10/11/2021,New Delhi,Mumbai,8:10,10:20,2h 10m,Non Stop,4931
Air India,10/11/2021,New Delhi,Mumbai,17:50,20:00,2h 10m,Non Stop,4931
Air India,10/11/2021,New Delhi,Mumbai,9:00,11:15,2h 15m,Non Stop,4931
IndiGo,10/11/2021,New Delhi,Mumbai,20:00,22:15,2h 15m,Non Stop,4931
IndiGo,10/11/2021,New Delhi,Mumbai,8:45,11:05,2h 20m,Non Stop,4931
Air India,10/11/2021,New Delhi,Mumbai,17:50,21:35,3h 45m,1 Stop,4931
Air India,10/11/2021,New Delhi,Mumbai,10:40,12:50,2h 10m,Non Stop,5416
Air Asia,10/11/2021,New Delhi,Mumbai,20:00,02:25,6h 25m,1 Stop,5953
Air Asia,10/11/2021,New Delhi,Mumbai,5:20,14:10,8h 50m,1 Stop,5953
Air Asia,10/11/2021,New Delhi,Mumbai,21:25,06:45,9h 20m,1 Stop,5953
Air Asia,10/11/2021,New Delhi,Mumbai,21:25,07:15,9h 50m,1 Stop,5953
Air Asia,10/11/2021,New Delhi,Mumbai,20:45,06:45,10h 00m,1 Stop,5953
Air Asia,10/11/2021,New Delhi,Mumbai,20:45,07:15,10h 30m,1 Stop,5953
Air Asia,10/11/2021,New Delhi,Mumbai,20:00,07:40,11h 40m,1 Stop,5953
Go First,10/11/2021,New Delhi,Mumbai,7:00,9:10,2h 10m,Non Stop,5954
Go First,10/11/2021,New Delhi,Mumbai,8:00,10:10,2h 10m,Non Stop,5954
Go First,10/11/2021,New Delhi,Mumbai,2:00,4:15,2h 15m,Non Stop,5954
Go First,10/11/2021,New Delhi,Mumbai,15:00,17:15,2h 15m,Non Stop,5954
Go First,10/11/2021,New Delhi,Mumbai,19:40,21:55,2h 15m,Non Stop,5954
Go First,10/11/2021,New Delhi,Mumbai,21:00,23:15,2h 15m,Non Stop,5954
Go First,10/11/2021,New Delhi,Mumbai,10:30,12:50,2h 20m,Non Stop,5954
Go First,10/11/2021,New Delhi,Mumbai,18:05,20:25,2h 20m,Non Stop,5954
Go First,10/11/2021,New Delhi,Mumbai,9:00,15:45,6h 45m,1 Stop,5954
Vistara,10/11/2021,New Delhi,Mumbai,6:00,8:00,2h 00m,Non Stop,5955
IndiGo,10/11/2021,New Delhi,Mumbai,6:30,8:40,2h 10m,Non Stop,5955
IndiGo,10/11/2021,New Delhi,Mumbai,7:15,9:25,2h 10m,Non Stop,5955
Vistara,10/11/2021,New Delhi,Mumbai,9:30,11:40,2h 10m,Non Stop,5955
Vistara,10/11/2021,New Delhi,Mumbai,12:50,15:00,2h 10m,Non Stop,5955
Vistara,10/11/2021,New Delhi,Mumbai,15:30,17:40,2h 10m,Non Stop,5955
Vistara,10/11/2021,New Delhi,Mumbai,16:55,19:05,2h 10m,Non Stop,5955
Vistara,10/11/2021,New Delhi,Mumbai,19:50,22:00,2h 10m,Non Stop,5955
Vistara,10/11/2021,New Delhi,Mumbai,20:40,22:50,2h 10m,Non Stop,5955
Vistara,10/11/2021,New Delhi,Mumbai,21:40,23:50,2h 10m,Non Stop,5955
Vistara,10/11/2021,New Delhi,Mumbai,7:30,9:45,2h 15m,Non Stop,5955
Vistara,10/11/2021,New Delhi,Mumbai,10:20,12:35,2h 15m,Non Stop,5955
IndiGo,10/11/2021,New Delhi,Mumbai,14:20,16:35,2h 15m,Non Stop,5955
IndiGo,10/11/2021,New Delhi,Mumbai,16:00,18:15,2h 15m,Non Stop,5955
Air India,10/11/2021,New Delhi,Mumbai,19:00,21:15,2h 15m,Non Stop,5955
Vistara,10/11/2021,New Delhi,Mumbai,8:50,11:10,2h 20m,Non Stop,5955
IndiGo,10/11/2021,New Delhi,Mumbai,10:45,13:05,2h 20m,Non Stop,5955
Vistara,10/11/2021,New Delhi,Mumbai,11:40,14:00,2h 20m,Non Stop,5955
Vistara,10/11/2021,New Delhi,Mumbai,17:45,20:05,2h 20m,Non Stop,5955
Vistara,10/11/2021,New Delhi,Mumbai,18:55,21:15,2h 20m,Non Stop,5955
IndiGo,10/11/2021,New Delhi,Mumbai,4:45,7:10,2h 25m,Non Stop,5955
Air India,10/11/2021,New Delhi,Mumbai,15:05,18:15,3h 10m,1 Stop,5955
SpiceJet,10/11/2021,New Delhi,Mumbai,6:35,10:15,3h 40m,1 Stop,5955
IndiGo,10/11/2021,New Delhi,Mumbai,5:15,10:05,4h 50m,1 Stop,5955
SpiceJet,10/11/2021,New Delhi,Mumbai,19:00,23:50,4h 50m,1 Stop,5955
Air Asia,10/11/2021,New Delhi,Mumbai,4:25,6:35,2h 10m,Non Stop,5956
IndiGo,10/11/2021,New Delhi,Mumbai,1:05,3:20,2h 15m,Non Stop,6165
IndiGo,10/11/2021,New Delhi,Mumbai,12:55,17:50,4h 55m,1 Stop,6218
IndiGo,10/11/2021,New Delhi,Mumbai,9:35,14:35,5h 00m,1 Stop,6218
IndiGo,10/11/2021,New Delhi,Mumbai,9:35,17:50,8h 15m,1 Stop,6218
IndiGo,10/11/2021,New Delhi,Mumbai,9:30,11:45,2h 15m,Non Stop,6375
IndiGo,10/11/2021,New Delhi,Mumbai,21:15,23:30,2h 15m,Non Stop,6375
Air Asia,10/11/2021,New Delhi,Mumbai,8:00,20:35,12h 35m,1 Stop,6376
IndiGo,10/11/2021,New Delhi,Mumbai,7:25,16:05,8h 40m,1 Stop,6443
IndiGo,10/11/2021,New Delhi,Mumbai,6:05,16:05,10h 00m,1 Stop,6443
IndiGo,10/11/2021,New Delhi,Mumbai,12:55,23:15,10h 20m,1 Stop,6506
Air Asia,10/11/2021,New Delhi,Mumbai,20:00,22:15,2h 15m,Non Stop,6559
IndiGo,10/11/2021,New Delhi,Mumbai,18:35,20:50,2h 15m,Non Stop,6585
Air India,10/11/2021,New Delhi,Mumbai,5:55,23:25,17h 30m,1 Stop,6763
Air India,10/11/2021,New Delhi,Mumbai,20:00,22:10,2h 10m,Non Stop,6795
SpiceJet,10/11/2021,New Delhi,Mumbai,11:20,18:00,6h 40m,1 Stop,6901
SpiceJet,10/11/2021,New Delhi,Mumbai,19:00,10:30,15h 35m,1 Stop,6901
IndiGo,10/11/2021,New Delhi,Mumbai,13:30,20:20,6h 50m,1 Stop,6932
IndiGo,10/11/2021,New Delhi,Mumbai,13:30,23:10,9h 40m,1 Stop,6932
IndiGo,10/11/2021,New Delhi,Mumbai,21:20,07:05,9h 45m,1 Stop,6932
IndiGo,10/11/2021,New Delhi,Mumbai,17:55,23:15,5h 20m,1 Stop,7005
Air Asia,10/11/2021,New Delhi,Mumbai,9:35,20:35,11h 00m,1 Stop,7007
IndiGo,10/11/2021,New Delhi,Mumbai,11:25,16:40,5h 15m,1 Stop,7420
IndiGo,10/11/2021,New Delhi,Mumbai,12:55,20:45,7h 50m,1 Stop,7420
IndiGo,10/11/2021,New Delhi,Mumbai,11:25,20:20,8h 55m,1 Stop,7420
IndiGo,10/11/2021,New Delhi,Mumbai,18:00,22:25,4h 25m,1 Stop,7908
Air India,10/11/2021,New Delhi,Mumbai,11:55,15:50,3h 55m,1 Stop,7930
IndiGo,10/11/2021,New Delhi,Mumbai,10:15,18:05,7h 50m,1 Stop,8396
Air India,10/11/2021,New Delhi,Mumbai,6:05,15:50,9h 45m,1 Stop,8475
Go First,10/11/2021,New Delhi,Mumbai,6:00,10:40,4h 40m,1 Stop,8869
Go First,10/11/2021,New Delhi,Mumbai,15:30,21:25,5h 55m,1 Stop,8869
Go First,10/11/2021,New Delhi,Mumbai,6:00,12:30,6h 30m,1 Stop,8869
IndiGo,10/11/2021,New Delhi,Mumbai,5:30,10:55,5h 25m,1 Stop,8885
Air India,10/11/2021,New Delhi,Mumbai,5:15,16:25,11h 10m,2 Stop(s),9041
IndiGo,10/11/2021,New Delhi,Mumbai,18:30,23:10,4h 40m,1 Stop,9373
IndiGo,10/11/2021,New Delhi,Mumbai,13:50,19:50,6h 00m,1 Stop,9389
Vistara,10/11/2021,New Delhi,Mumbai,17:40,23:00,5h 20m,1 Stop,9840
Vistara,10/11/2021,New Delhi,Mumbai,7:05,14:30,7h 25m,1 Stop,9840
Vistara,10/11/2021,New Delhi,Mumbai,20:35,10:00,13h 25m,1 Stop,9840
Vistara,10/11/2021,New Delhi,Mumbai,7:05,23:00,15h 55m,1 Stop,9840
Vistara,10/11/2021,New Delhi,Mumbai,17:40,10:00,16h 20m,1 Stop,9840
Vistara,10/11/2021,New Delhi,Mumbai,20:35,14:30,17h 55m,1 Stop,9840
Vistara,10/11/2021,New Delhi,Mumbai,10:55,16:00,5h 05m,1 Stop,9893
Vistara,10/11/2021,New Delhi,Mumbai,14:45,23:00,8h 15m,1 Stop,9945
Vistara,10/11/2021,New Delhi,Mumbai,14:45,10:00,19h 15m,1 Stop,9945
Vistara,15/11/2021,New Delhi,Mumbai,14:45,14:30,23h 45m,1 Stop,9945
Air India,15/11/2021,New Delhi,Mumbai,11:00,17:25,6h 25m,1 Stop,9958
Air India,15/11/2021,New Delhi,Mumbai,7:05,13:25,6h 20m,1 Stop,9975
IndiGo,15/11/2021,New Delhi,Mumbai,6:40,16:40,10h 00m,1 Stop,10349
Go First,15/11/2021,New Delhi,Mumbai,9:10,16:15,7h 05m,1 Stop,10549
Vistara,15/11/2021,New Delhi,Mumbai,17:10,21:35,4h 25m,1 Stop,10575
Vistara,15/11/2021,New Delhi,Mumbai,13:40,21:35,7h 55m,1 Stop,10628
Go First,15/11/2021,New Delhi,Mumbai,9:00,17:00,8h 00m,1 Stop,11731
Go First,15/11/2021,New Delhi,Mumbai,12:20,18:10,5h 50m,1 Stop,11977
Go First,15/11/2021,New Delhi,Mumbai,11:50,18:10,6h 20m,1 Stop,11977
Go First,15/11/2021,New Delhi,Mumbai,9:15,18:10,8h 55m,1 Stop,11977
Go First,15/11/2021,New Delhi,Mumbai,10:45,17:00,6h 15m,1 Stop,11977
Air India,15/11/2021,New Delhi,Mumbai,12:50,07:55,19h 05m,1 Stop,12379
Air India,15/11/2021,New Delhi,Mumbai,18:40,17:25,22h 45m,1 Stop,11977
Go First,15/11/2021,New Delhi,Mumbai,11:30,17:00,5h 30m,1 Stop,13463
Air India,15/11/2021,New Delhi,Mumbai,13:20,17:50,4h 30m,1 Stop,13515
Air India,15/11/2021,New Delhi,Mumbai,22:00,22:25,24h 25m,1 Stop,11977
Air India,15/11/2021,New Delhi,Mumbai,22:00,16:35,18h 35m,1 Stop,15195
Air India,15/11/2021,New Delhi,Mumbai,4:55,13:45,8h 50m,1 Stop,15290
Vistara,15/11/2021,New Delhi,Mumbai,11:10,23:10,12h 00m,1 Stop,15615
IndiGo,15/11/2021,New Delhi,Mumbai,7:20,14:50,7h 30m,1 Stop,15720
SpiceJet,15/11/2021,New Delhi,Mumbai,15:00,12:35,21h 35m,1 Stop,17163
Go First,15/11/2021,New Delhi,Mumbai,10:45,19:40,8h 55m,1 Stop,17505
Go First,15/11/2021,New Delhi,Mumbai,10:45,18:20,7h 35m,1 Stop,17715
Air India,15/11/2021,New Delhi,Mumbai,10:55,16:35,5h 40m,1 Stop,17925
Air India,15/11/2021,New Delhi,Mumbai,10:55,22:25,11h 30m,1 Stop,17925
SpiceJet,15/11/2021,New Delhi,Mumbai,7:20,9:35,2h 15m,Non Stop,2998
SpiceJet,15/11/2021,New Delhi,Mumbai,6:20,8:40,2h 20m,Non Stop,2998
SpiceJet,15/11/2021,New Delhi,Mumbai,19:45,22:05,2h 20m,Non Stop,2998
SpiceJet,15/11/2021,New Delhi,Mumbai,18:55,21:05,2h 10m,Non Stop,3177
Air India,15/11/2021,New Delhi,Mumbai,7:00,9:05,2h 05m,Non Stop,4931
Air India,15/11/2021,New Delhi,Mumbai,8:00,10:10,2h 10m,Non Stop,4931
IndiGo,15/11/2021,New Delhi,Mumbai,8:10,10:20,2h 10m,Non Stop,4931
Air India,15/11/2021,New Delhi,Mumbai,17:50,20:00,2h 10m,Non Stop,4931
Air India,15/11/2021,New Delhi,Mumbai,9:00,11:15,2h 15m,Non Stop,4931
IndiGo,15/11/2021,New Delhi,Mumbai,20:00,22:15,2h 15m,Non Stop,4931
IndiGo,15/11/2021,New Delhi,Mumbai,8:45,11:05,2h 20m,Non Stop,4931
Air India,15/11/2021,New Delhi,Mumbai,17:50,21:35,3h 45m,1 Stop,4931
Air India,15/11/2021,New Delhi,Mumbai,10:40,12:50,2h 10m,Non Stop,5416
Air Asia,15/11/2021,New Delhi,Mumbai,20:00,02:25,6h 25m,1 Stop,5953
Air Asia,15/11/2021,New Delhi,Mumbai,5:20,14:10,8h 50m,1 Stop,5953
Air Asia,15/11/2021,New Delhi,Mumbai,21:25,06:45,9h 20m,1 Stop,5953
Air Asia,15/11/2021,New Delhi,Mumbai,21:25,07:15,9h 50m,1 Stop,5953
Air Asia,15/11/2021,New Delhi,Mumbai,20:45,06:45,10h 00m,1 Stop,5953
Air Asia,15/11/2021,New Delhi,Mumbai,20:45,07:15,10h 30m,1 Stop,5953
Air Asia,15/11/2021,New Delhi,Mumbai,20:00,07:40,11h 40m,1 Stop,5953
Go First,15/11/2021,New Delhi,Mumbai,7:00,9:10,2h 10m,Non Stop,5954
Go First,15/11/2021,New Delhi,Mumbai,8:00,10:10,2h 10m,Non Stop,5954
Go First,15/11/2021,New Delhi,Mumbai,2:00,4:15,2h 15m,Non Stop,5954
Go First,15/11/2021,New Delhi,Mumbai,15:00,17:15,2h 15m,Non Stop,5954
Go First,15/11/2021,New Delhi,Mumbai,19:40,21:55,2h 15m,Non Stop,5954
Go First,15/11/2021,New Delhi,Mumbai,21:00,23:15,2h 15m,Non Stop,5954
Go First,15/11/2021,New Delhi,Mumbai,10:30,12:50,2h 20m,Non Stop,5954
Go First,15/11/2021,New Delhi,Mumbai,18:05,20:25,2h 20m,Non Stop,5954
Go First,15/11/2021,New Delhi,Mumbai,9:00,15:45,6h 45m,1 Stop,5954
Vistara,15/11/2021,New Delhi,Mumbai,6:00,8:00,2h 00m,Non Stop,5955
IndiGo,15/11/2021,New Delhi,Mumbai,6:30,8:40,2h 10m,Non Stop,5955
IndiGo,15/11/2021,New Delhi,Mumbai,7:15,9:25,2h 10m,Non Stop,5955
Vistara,15/11/2021,New Delhi,Mumbai,9:30,11:40,2h 10m,Non Stop,5955
Vistara,15/11/2021,New Delhi,Mumbai,12:50,15:00,2h 10m,Non Stop,5955
Vistara,15/11/2021,New Delhi,Mumbai,15:30,17:40,2h 10m,Non Stop,5955
Vistara,15/11/2021,New Delhi,Mumbai,16:55,19:05,2h 10m,Non Stop,5955
Vistara,15/11/2021,New Delhi,Mumbai,19:50,22:00,2h 10m,Non Stop,5955
Vistara,15/11/2021,New Delhi,Mumbai,20:40,22:50,2h 10m,Non Stop,5955
Vistara,15/11/2021,New Delhi,Mumbai,21:40,23:50,2h 10m,Non Stop,5955
Vistara,15/11/2021,New Delhi,Mumbai,7:30,9:45,2h 15m,Non Stop,5955
Vistara,15/11/2021,New Delhi,Mumbai,10:20,12:35,2h 15m,Non Stop,5955
IndiGo,15/11/2021,New Delhi,Mumbai,14:20,16:35,2h 15m,Non Stop,5955
IndiGo,15/11/2021,New Delhi,Mumbai,16:00,18:15,2h 15m,Non Stop,5955
Air India,15/11/2021,New Delhi,Mumbai,19:00,21:15,2h 15m,Non Stop,5955
Vistara,15/11/2021,New Delhi,Mumbai,8:50,11:10,2h 20m,Non Stop,5955
IndiGo,15/11/2021,New Delhi,Mumbai,10:45,13:05,2h 20m,Non Stop,5955
Vistara,15/11/2021,New Delhi,Mumbai,11:40,14:00,2h 20m,Non Stop,5955
Vistara,15/11/2021,New Delhi,Mumbai,17:45,20:05,2h 20m,Non Stop,5955
Vistara,15/11/2021,New Delhi,Mumbai,18:55,21:15,2h 20m,Non Stop,5955
IndiGo,15/11/2021,New Delhi,Mumbai,4:45,7:10,2h 25m,Non Stop,5955
Air India,15/11/2021,New Delhi,Mumbai,15:05,18:15,3h 10m,1 Stop,5955
SpiceJet,15/11/2021,New Delhi,Mumbai,6:35,10:15,3h 40m,1 Stop,5955
IndiGo,15/11/2021,New Delhi,Mumbai,5:15,10:05,4h 50m,1 Stop,5955
SpiceJet,15/11/2021,New Delhi,Mumbai,19:00,23:50,4h 50m,1 Stop,5955
Air Asia,15/11/2021,New Delhi,Mumbai,4:25,6:35,2h 10m,Non Stop,5956
IndiGo,15/11/2021,New Delhi,Mumbai,1:05,3:20,2h 15m,Non Stop,6165
IndiGo,15/11/2021,New Delhi,Mumbai,12:55,17:50,4h 55m,1 Stop,6218
IndiGo,15/11/2021,New Delhi,Mumbai,9:35,14:35,5h 00m,1 Stop,6218
IndiGo,15/11/2021,New Delhi,Mumbai,9:35,17:50,8h 15m,1 Stop,6218
IndiGo,15/11/2021,New Delhi,Mumbai,9:30,11:45,2h 15m,Non Stop,6375
IndiGo,15/11/2021,New Delhi,Mumbai,21:15,23:30,2h 15m,Non Stop,6375
Air Asia,15/11/2021,New Delhi,Mumbai,8:00,20:35,12h 35m,1 Stop,6376
IndiGo,15/11/2021,New Delhi,Mumbai,7:25,16:05,8h 40m,1 Stop,6443
IndiGo,15/11/2021,New Delhi,Mumbai,6:05,16:05,10h 00m,1 Stop,6443
IndiGo,15/11/2021,New Delhi,Mumbai,12:55,23:15,10h 20m,1 Stop,6506
Go First,15/11/2021,New Delhi,Mumbai,14:20,16:35,2h 15m,Non Stop,6532
Air Asia,15/11/2021,New Delhi,Mumbai,20:00,22:15,2h 15m,Non Stop,6559
IndiGo,15/11/2021,New Delhi,Mumbai,12:00,14:10,2h 10m,Non Stop,6585
IndiGo,15/11/2021,New Delhi,Mumbai,17:15,19:25,2h 10m,Non Stop,6585
IndiGo,15/11/2021,New Delhi,Mumbai,18:35,20:50,2h 15m,Non Stop,6585
Air India,15/11/2021,New Delhi,Mumbai,5:55,23:25,17h 30m,1 Stop,6763
Air India,15/11/2021,New Delhi,Mumbai,20:00,22:10,2h 10m,Non Stop,6795
SpiceJet,15/11/2021,New Delhi,Mumbai,11:20,18:00,6h 40m,1 Stop,6901
SpiceJet,15/11/2021,New Delhi,Mumbai,19:00,10:35,15h 35m,1 Stop,6901
IndiGo,15/11/2021,New Delhi,Mumbai,13:30,20:20,6h 50m,1 Stop,6932
IndiGo,15/11/2021,New Delhi,Mumbai,13:30,23:10,9h 40m,1 Stop,6932
IndiGo,15/11/2021,New Delhi,Mumbai,17:55,23:15,5h 20m,1 Stop,7005
Air Asia,15/11/2021,New Delhi,Mumbai,9:35,20:35,11h 00m,1 Stop,7007
IndiGo,15/11/2021,New Delhi,Mumbai,11:25,16:40,5h 15m,1 Stop,7420
IndiGo,15/11/2021,New Delhi,Mumbai,12:55,20:45,7h 50m,1 Stop,7420
IndiGo,15/11/2021,New Delhi,Mumbai,11:25,20:20,8h 55m,1 Stop,7420
Air India,15/11/2021,New Delhi,Mumbai,19:00,15:50,20h 50m,1 Stop,7793
IndiGo,15/11/2021,New Delhi,Mumbai,18:00,22:25,4h 25m,1 Stop,7908
Air India,15/11/2021,New Delhi,Mumbai,11:55,15:50,3h 55m,1 Stop,7930
IndiGo,15/11/2021,New Delhi,Mumbai,10:15,18:05,7h 50m,1 Stop,8396
Air India,15/11/2021,New Delhi,Mumbai,6:05,15:50,9h 45m,1 Stop,8475
Go First,15/11/2021,New Delhi,Mumbai,6:00,10:40,4h 40m,1 Stop,8869
Go First,15/11/2021,New Delhi,Mumbai,15:30,21:25,5h 55m,1 Stop,8869
Go First,15/11/2021,New Delhi,Mumbai,19:55,02:00,6h 05m,1 Stop,8869
Go First,15/11/2021,New Delhi,Mumbai,6:00,12:30,6h 30m,1 Stop,8869
IndiGo,15/11/2021,New Delhi,Mumbai,5:30,10:55,5h 25m,1 Stop,8885
Air India,15/11/2021,New Delhi,Mumbai,5:15,16:25,11h 10m,2 Stop(s),9041
IndiGo,15/11/2021,New Delhi,Mumbai,18:30,23:10,4h 40m,1 Stop,9373
IndiGo,15/11/2021,New Delhi,Mumbai,22:15,05:55,7h 40m,1 Stop,9373
Vistara,20/11/2021,New Delhi,Mumbai,17:40,23:00,5h 20m,1 Stop,9840
Vistara,20/11/2021,New Delhi,Mumbai,7:05,14:30,7h 25m,1 Stop,9840
Vistara,20/11/2021,New Delhi,Mumbai,20:35,10:00,13h 25m,1 Stop,9840
Vistara,20/11/2021,New Delhi,Mumbai,7:05,23:00,15h 55m,1 Stop,9840
Vistara,20/11/2021,New Delhi,Mumbai,17:40,10:00,16h 20m,1 Stop,9840
Vistara,20/11/2021,New Delhi,Mumbai,20:35,14:30,17h 55m,1 Stop,9840
Vistara,20/11/2021,New Delhi,Mumbai,17:40,14:30,20h 50m,1 Stop,9840
Vistara,20/11/2021,New Delhi,Mumbai,20:35,23:00,26h 25m,1 Stop,9840
Vistara,20/11/2021,New Delhi,Mumbai,10:55,16:00,5h 05m,1 Stop,9893
Vistara,20/11/2021,New Delhi,Mumbai,14:45,23:00,8h 15m,1 Stop,9945
Vistara,20/11/2021,New Delhi,Mumbai,14:45,10:00,19h 15m,1 Stop,9945
Vistara,20/11/2021,New Delhi,Mumbai,14:45,14:30,23h 45m,1 Stop,9945
Air India,20/11/2021,New Delhi,Mumbai,11:00,17:25,6h 25m,1 Stop,9958
Air India,20/11/2021,New Delhi,Mumbai,7:05,13:25,6h 20m,1 Stop,9975
IndiGo,20/11/2021,New Delhi,Mumbai,6:40,16:40,10h 00m,1 Stop,10349
Go First,20/11/2021,New Delhi,Mumbai,9:10,16:15,7h 05m,1 Stop,10549
Vistara,20/11/2021,New Delhi,Mumbai,17:10,21:35,4h 25m,1 Stop,10575
Vistara,20/11/2021,New Delhi,Mumbai,13:40,21:35,7h 55m,1 Stop,10628
Go First,20/11/2021,New Delhi,Mumbai,9:00,17:00,8h 00m,1 Stop,11731
Go First,20/11/2021,New Delhi,Mumbai,12:20,18:10,5h 50m,1 Stop,11977
Go First,20/11/2021,New Delhi,Mumbai,11:50,18:10,6h 20m,1 Stop,11977
Go First,20/11/2021,New Delhi,Mumbai,9:15,18:10,8h 55m,1 Stop,11977
Go First,20/11/2021,New Delhi,Mumbai,10:45,17:00,6h 15m,1 Stop,12309
Go First,20/11/2021,New Delhi,Mumbai,11:30,17:00,5h 30m,1 Stop,13463
Air India,20/11/2021,New Delhi,Mumbai,13:20,17:50,4h 30m,1 Stop,13515
Air India,20/11/2021,New Delhi,Mumbai,4:55,13:45,8h 50m,1 Stop,15290
Vistara,20/11/2021,New Delhi,Mumbai,11:10,23:10,12h 00m,1 Stop,15615
IndiGo,20/11/2021,New Delhi,Mumbai,7:20,14:50,7h 30m,1 Stop,15720
Air India,20/11/2021,New Delhi,Hyderabad,8:10,10:30,2h 20m,Non Stop,3015
IndiGo,20/11/2021,New Delhi,Hyderabad,7:00,11:20,4h 20m,1 Stop,3015
IndiGo,20/11/2021,New Delhi,Hyderabad,5:30,11:00,5h 30m,1 Stop,3015
IndiGo,20/11/2021,New Delhi,Hyderabad,7:00,17:00,10h 00m,1 Stop,3015
Go First,20/11/2021,New Delhi,Hyderabad,7:20,9:30,2h 10m,Non Stop,3120
IndiGo,20/11/2021,New Delhi,Hyderabad,11:00,13:10,2h 10m,Non Stop,3120
IndiGo,20/11/2021,New Delhi,Hyderabad,6:45,9:00,2h 15m,Non Stop,3120
IndiGo,20/11/2021,New Delhi,Hyderabad,7:55,10:10,2h 15m,Non Stop,3120
IndiGo,20/11/2021,New Delhi,Hyderabad,9:40,11:55,2h 15m,Non Stop,3120
Go First,20/11/2021,New Delhi,Hyderabad,19:35,21:50,2h 15m,Non Stop,3120
Vistara,20/11/2021,New Delhi,Hyderabad,17:40,19:50,2h 10m,Non Stop,3169
Vistara,20/11/2021,New Delhi,Hyderabad,14:45,17:00,2h 15m,Non Stop,3169
Vistara,20/11/2021,New Delhi,Hyderabad,7:05,9:25,2h 20m,Non Stop,3169
Vistara,20/11/2021,New Delhi,Hyderabad,20:35,22:55,2h 20m,Non Stop,3169
SpiceJet,20/11/2021,New Delhi,Hyderabad,17:00,19:05,2h 05m,Non Stop,3199
Air India,20/11/2021,New Delhi,Hyderabad,9:45,11:55,2h 10m,Non Stop,3435
IndiGo,20/11/2021,New Delhi,Hyderabad,23:05,01:10,2h 10m,Non Stop,3435
IndiGo,20/11/2021,New Delhi,Hyderabad,17:45,20:00,2h 15m,Non Stop,3435
IndiGo,20/11/2021,New Delhi,Hyderabad,21:15,23:30,2h 15m,Non Stop,3435
Air India,20/11/2021,New Delhi,Hyderabad,21:10,23:35,2h 25m,Non Stop,3435
IndiGo,20/11/2021,New Delhi,Hyderabad,19:30,21:50,2h 20m,Non Stop,3750
SpiceJet,20/11/2021,New Delhi,Hyderabad,6:15,19:35,13h 20m,1 Stop,3752
IndiGo,20/11/2021,New Delhi,Hyderabad,13:00,15:15,2h 15m,Non Stop,4170
IndiGo,20/11/2021,New Delhi,Hyderabad,5:30,12:40,7h 10m,1 Stop,4202
Air India,20/11/2021,New Delhi,Hyderabad,17:50,21:35,27h 45m,2 Stop(s),4209
IndiGo,20/11/2021,New Delhi,Hyderabad,15:00,21:20,6h 20m,1 Stop,4372
Go First,20/11/2021,New Delhi,Hyderabad,6:00,17:40,11h 40m,1 Stop,4673
Air India,20/11/2021,New Delhi,Hyderabad,12:10,21:15,9h 05m,1 Stop,4730
Air India,20/11/2021,New Delhi,Hyderabad,20:40,09:55,13h 15m,1 Stop,4811
Air India,20/11/2021,New Delhi,Hyderabad,9:45,09:55,24h 10m,1 Stop,4811
Air India,20/11/2021,New Delhi,Hyderabad,6:05,09:55,27h 50m,1 Stop,4811
Vistara,20/11/2021,New Delhi,Hyderabad,6:00,12:15,6h 15m,1 Stop,4923
Vistara,20/11/2021,New Delhi,Hyderabad,21:40,07:50,10h 10m,1 Stop,4923
Vistara,20/11/2021,New Delhi,Hyderabad,20:40,07:50,11h 10m,1 Stop,4923
Vistara,20/11/2021,New Delhi,Hyderabad,21:40,12:15,14h 35m,1 Stop,4923
Vistara,20/11/2021,New Delhi,Hyderabad,6:00,20:55,14h 55m,1 Stop,4923
Vistara,20/11/2021,New Delhi,Hyderabad,20:40,12:15,15h 35m,1 Stop,4923
Air India,20/11/2021,New Delhi,Hyderabad,19:00,21:35,26h 35m,1 Stop,4944
Go First,20/11/2021,New Delhi,Hyderabad,18:40,00:05,5h 25m,1 Stop,5440
Go First,20/11/2021,New Delhi,Hyderabad,18:40,08:30,13h 50m,1 Stop,5440
Vistara,20/11/2021,New Delhi,Hyderabad,15:30,20:55,5h 25m,1 Stop,5448
Vistara,20/11/2021,New Delhi,Hyderabad,12:50,20:55,8h 05m,1 Stop,5448
Vistara,20/11/2021,New Delhi,Hyderabad,11:40,20:55,9h 15m,1 Stop,5448
Vistara,20/11/2021,New Delhi,Hyderabad,10:20,20:55,10h 35m,1 Stop,5448
Vistara,20/11/2021,New Delhi,Hyderabad,9:30,20:55,11h 25m,1 Stop,5448
Air Asia,20/11/2021,New Delhi,Hyderabad,9:35,15:35,6h 00m,1 Stop,5466
Air Asia,20/11/2021,New Delhi,Hyderabad,8:00,15:35,7h 35m,1 Stop,5466
Air Asia,20/11/2021,New Delhi,Hyderabad,9:35,17:45,8h 10m,1 Stop,5466
Air Asia,20/11/2021,New Delhi,Hyderabad,21:25,06:35,9h 10m,1 Stop,5466
Air India,20/11/2021,New Delhi,Hyderabad,20:00,21:00,25h 35m,1 Stop,5469
IndiGo,20/11/2021,New Delhi,Hyderabad,7:20,17:35,10h 15m,1 Stop,5728
Go First,20/11/2021,New Delhi,Hyderabad,6:05,13:20,7h 15m,1 Stop,5740
Air India,20/11/2021,New Delhi,Hyderabad,6:10,20:15,14h 05m,1 Stop,5740
Vistara,20/11/2021,New Delhi,Hyderabad,8:05,20:25,12h 20m,1 Stop,5754
Vistara,20/11/2021,New Delhi,Hyderabad,6:15,20:25,14h 10m,1 Stop,5754
Vistara,20/11/2021,New Delhi,Hyderabad,20:40,23:25,23h 45m,1 Stop,5754
Vistara,20/11/2021,New Delhi,Hyderabad,19:50,20:25,24h 35m,1 Stop,5754
Vistara,20/11/2021,New Delhi,Hyderabad,17:35,20:25,26h 50m,1 Stop,5754
IndiGo,20/11/2021,New Delhi,Hyderabad,9:15,17:00,7h 45m,1 Stop,5903
Air India,20/11/2021,New Delhi,Hyderabad,20:15,21:15,25h 00m,1 Stop,5924
Air India,20/11/2021,New Delhi,Hyderabad,16:55,21:15,28h 20m,1 Stop,5924
Vistara,20/11/2021,New Delhi,Hyderabad,7:30,12:15,4h 45m,1 Stop,5948
Vistara,20/11/2021,New Delhi,Hyderabad,8:50,20:55,12h 05m,1 Stop,5948
Vistara,20/11/2021,New Delhi,Hyderabad,18:55,07:50,12h 55m,1 Stop,5948
Vistara,20/11/2021,New Delhi,Hyderabad,7:30,20:55,13h 25m,1 Stop,5948
IndiGo,20/11/2021,New Delhi,Hyderabad,13:00,21:20,8h 20m,1 Stop,5951
Air Asia,20/11/2021,New Delhi,Hyderabad,12:40,19:00,6h 20m,1 Stop,5953
Air Asia,20/11/2021,New Delhi,Hyderabad,7:10,15:35,8h 25m,2 Stop(s),5953
Air Asia,20/11/2021,New Delhi,Hyderabad,12:40,21:25,8h 45m,1 Stop,5953
Vistara,20/11/2021,New Delhi,Hyderabad,14:15,20:25,6h 10m,1 Stop,6069
Air India,20/11/2021,New Delhi,Hyderabad,9:30,20:15,10h 45m,1 Stop,6160
IndiGo,20/11/2021,New Delhi,Hyderabad,14:40,22:45,8h 05m,1 Stop,6218
IndiGo,20/11/2021,New Delhi,Hyderabad,12:55,19:40,6h 45m,1 Stop,6247
Go First,20/11/2021,New Delhi,Hyderabad,9:00,15:30,6h 30m,1 Stop,6258
Go First,20/11/2021,New Delhi,Hyderabad,6:00,15:30,9h 30m,1 Stop,6258
Air India,20/11/2021,New Delhi,Hyderabad,6:00,17:35,11h 35m,3 Stop(s),6304
Air India,20/11/2021,New Delhi,Hyderabad,6:50,21:15,14h 25m,1 Stop,6344
Air Asia,20/11/2021,New Delhi,Hyderabad,16:15,20:25,4h 10m,1 Stop,6499
Air India,20/11/2021,New Delhi,Hyderabad,21:15,9:00,21h 45m,2 Stop(s),6580
Air India,20/11/2021,New Delhi,Hyderabad,21:15,10:15,23h 00m,1 Stop,6580
Vistara,20/11/2021,New Delhi,Hyderabad,19:55,11:15,16h 20m,2 Stop(s),6691
Vistara,20/11/2021,New Delhi,Hyderabad,7:20,20:55,13h 35m,2 Stop(s),6874
Vistara,20/11/2021,New Delhi,Hyderabad,13:30,07:50,18h 20m,2 Stop(s),7189
IndiGo,20/11/2021,New Delhi,Hyderabad,11:20,17:35,6h 15m,1 Stop,7373
Vistara,20/11/2021,New Delhi,Hyderabad,17:10,07:50,14h 40m,2 Stop(s),7508
Air Asia,20/11/2021,New Delhi,Hyderabad,12:10,19:00,6h 50m,1 Stop,8112
Air Asia,20/11/2021,New Delhi,Hyderabad,12:10,21:25,9h 15m,1 Stop,8112
SpiceJet,20/11/2021,New Delhi,Hyderabad,11:55,18:00,6h 05m,1 Stop,8264
Go First,20/11/2021,New Delhi,Hyderabad,10:45,23:20,12h 35m,1 Stop,8915
Air India,20/11/2021,New Delhi,Hyderabad,10:55,21:05,10h 10m,2 Stop(s),11188
IndiGo,20/11/2021,New Delhi,Hyderabad,6:45,16:15,9h 30m,1 Stop,12098
Air India,20/11/2021,New Delhi,Hyderabad,8:10,10:30,2h 20m,Non Stop,3015
IndiGo,20/11/2021,New Delhi,Hyderabad,7:00,11:20,4h 20m,1 Stop,3015
IndiGo,20/11/2021,New Delhi,Hyderabad,5:30,11:00,5h 30m,1 Stop,3015
IndiGo,20/11/2021,New Delhi,Hyderabad,7:00,17:00,10h 00m,1 Stop,3015
Go First,20/11/2021,New Delhi,Hyderabad,7:20,9:30,2h 10m,Non Stop,3120
IndiGo,20/11/2021,New Delhi,Hyderabad,11:00,13:10,2h 10m,Non Stop,3120
IndiGo,20/11/2021,New Delhi,Hyderabad,6:45,9:00,2h 15m,Non Stop,3120
IndiGo,20/11/2021,New Delhi,Hyderabad,7:55,10:10,2h 15m,Non Stop,3120
IndiGo,20/11/2021,New Delhi,Hyderabad,9:40,11:55,2h 15m,Non Stop,3120
Go First,20/11/2021,New Delhi,Hyderabad,19:35,21:50,2h 15m,Non Stop,3120
Vistara,20/11/2021,New Delhi,Hyderabad,17:40,19:50,2h 10m,Non Stop,3169
Vistara,20/11/2021,New Delhi,Hyderabad,14:45,17:00,2h 15m,Non Stop,3169
Vistara,20/11/2021,New Delhi,Hyderabad,7:05,9:25,2h 20m,Non Stop,3169
Vistara,20/11/2021,New Delhi,Hyderabad,20:35,22:55,2h 20m,Non Stop,3169
SpiceJet,20/11/2021,New Delhi,Hyderabad,17:00,19:05,2h 05m,Non Stop,3199
Air India,20/11/2021,New Delhi,Hyderabad,9:45,11:55,2h 10m,Non Stop,3435
IndiGo,20/11/2021,New Delhi,Hyderabad,17:45,20:00,2h 15m,Non Stop,3435
IndiGo,20/11/2021,New Delhi,Hyderabad,21:15,23:30,2h 15m,Non Stop,3435
IndiGo,20/11/2021,New Delhi,Hyderabad,6:45,16:15,9h 30m,1 Stop,12098
Air India,20/11/2021,New Delhi,Hyderabad,8:10,10:30,2h 20m,Non Stop,3015
IndiGo,20/11/2021,New Delhi,Hyderabad,7:00,11:20,4h 20m,1 Stop,3015
IndiGo,20/11/2021,New Delhi,Hyderabad,5:30,11:00,5h 30m,1 Stop,3015
IndiGo,20/11/2021,New Delhi,Hyderabad,7:00,17:00,10h 00m,1 Stop,3015
Go First,20/11/2021,New Delhi,Hyderabad,7:20,9:30,2h 10m,Non Stop,3120
IndiGo,20/11/2021,New Delhi,Hyderabad,11:00,13:10,2h 10m,Non Stop,3120
IndiGo,20/11/2021,New Delhi,Hyderabad,6:45,9:00,2h 15m,Non Stop,3120
IndiGo,20/11/2021,New Delhi,Hyderabad,7:55,10:10,2h 15m,Non Stop,3120
IndiGo,20/11/2021,New Delhi,Hyderabad,9:40,11:55,2h 15m,Non Stop,3120
Go First,20/11/2021,New Delhi,Hyderabad,19:35,21:50,2h 15m,Non Stop,3120
Vistara,20/11/2021,New Delhi,Hyderabad,17:40,19:50,2h 10m,Non Stop,3169
Vistara,20/11/2021,New Delhi,Hyderabad,14:45,17:00,2h 15m,Non Stop,3169
Vistara,20/11/2021,New Delhi,Hyderabad,7:05,9:25,2h 20m,Non Stop,3169
Vistara,20/11/2021,New Delhi,Hyderabad,20:35,22:55,2h 20m,Non Stop,3169
SpiceJet,20/11/2021,New Delhi,Hyderabad,17:00,19:05,2h 05m,Non Stop,3199
Air India,20/11/2021,New Delhi,Hyderabad,9:45,11:55,2h 10m,Non Stop,3435
IndiGo,20/11/2021,New Delhi,Hyderabad,17:45,20:00,2h 15m,Non Stop,3435
IndiGo,20/11/2021,New Delhi,Hyderabad,21:15,23:30,2h 15m,Non Stop,3435
Vistara,20/11/2021,New Delhi,Hyderabad,11:40,07:50,20h 10m,1 Stop,5448
Vistara,20/11/2021,New Delhi,Hyderabad,10:20,07:50,21h 30m,1 Stop,5448
Air Asia,20/11/2021,New Delhi,Hyderabad,9:35,15:35,6h 00m,1 Stop,5466
Air Asia,20/11/2021,New Delhi,Hyderabad,8:00,15:35,7h 35m,1 Stop,5466
Air Asia,20/11/2021,New Delhi,Hyderabad,9:35,17:45,8h 10m,1 Stop,5466
IndiGo,20/11/2021,New Delhi,Hyderabad,7:20,17:35,10h 15m,1 Stop,5728
Go First,20/11/2021,New Delhi,Hyderabad,6:05,13:20,7h 15m,1 Stop,5740
Air India,20/11/2021,New Delhi,Hyderabad,6:10,20:15,14h 05m,1 Stop,5740
Air India,20/11/2021,New Delhi,Hyderabad,21:10,23:35,2h 25m,Non Stop,3435
IndiGo,20/11/2021,New Delhi,Hyderabad,19:30,21:50,2h 20m,Non Stop,3750
SpiceJet,20/11/2021,New Delhi,Hyderabad,6:15,19:35,13h 20m,1 Stop,3752
IndiGo,20/11/2021,New Delhi,Hyderabad,13:00,15:15,2h 15m,Non Stop,4170
IndiGo,20/11/2021,New Delhi,Hyderabad,5:30,12:40,7h 10m,1 Stop,4202
IndiGo,20/11/2021,New Delhi,Hyderabad,15:00,21:20,6h 20m,1 Stop,4372
Go First,20/11/2021,New Delhi,Hyderabad,6:00,17:40,11h 40m,1 Stop,4673
Air India,20/11/2021,New Delhi,Hyderabad,12:10,21:15,9h 05m,1 Stop,4730
Air India,20/11/2021,New Delhi,Hyderabad,20:40,09:55,13h 15m,1 Stop,4811
Air India,20/11/2021,New Delhi,Hyderabad,9:45,18:55,24h 10m,1 Stop,4811
Air India,20/11/2021,New Delhi,Hyderabad,6:05,09:55,27h 50m,1 Stop,4811
Vistara,20/11/2021,New Delhi,Hyderabad,6:00,12:15,6h 15m,1 Stop,4923
Vistara,20/11/2021,New Delhi,Hyderabad,21:40,07:50,10h 10m,1 Stop,4923
Vistara,20/11/2021,New Delhi,Hyderabad,15:30,20:55,5h 25m,1 Stop,5448
Vistara,20/11/2021,New Delhi,Hyderabad,12:50,20:55,8h 05m,1 Stop,5448
Vistara,20/11/2021,New Delhi,Hyderabad,11:40,20:55,9h 15m,1 Stop,5448
Vistara,20/11/2021,New Delhi,Hyderabad,10:20,20:55,10h 35m,1 Stop,5448
Vistara,20/11/2021,New Delhi,Hyderabad,9:30,20:55,11h 25m,1 Stop,5448
Vistara,20/11/2021,New Delhi,Hyderabad,19:50,07:50,12h 00m,1 Stop,5448
Vistara,20/11/2021,New Delhi,Hyderabad,16:55,07:50,14h 55m,1 Stop,5448
Vistara,20/11/2021,New Delhi,Hyderabad,15:30,07:50,16h 20m,1 Stop,5448
Vistara,20/11/2021,New Delhi,Hyderabad,19:50,12:15,16h 25m,1 Stop,5448
Vistara,20/11/2021,New Delhi,Hyderabad,12:50,07:50,19h 00m,1 Stop,5448
Vistara,20/11/2021,New Delhi,Hyderabad,16:55,12:15,19h 20m,1 Stop,5448
Vistara,20/11/2021,New Delhi,Hyderabad,11:40,07:50,20h 10m,1 Stop,5448
Vistara,20/11/2021,New Delhi,Hyderabad,10:20,07:50,21h 30m,1 Stop,5448
Air Asia,20/11/2021,New Delhi,Hyderabad,9:35,15:35,6h 00m,1 Stop,5466
Air Asia,20/11/2021,New Delhi,Hyderabad,8:00,15:35,7h 35m,1 Stop,5466
Air Asia,20/11/2021,New Delhi,Hyderabad,9:35,17:45,8h 10m,1 Stop,5466
IndiGo,20/11/2021,New Delhi,Hyderabad,7:20,17:35,10h 15m,1 Stop,5728
Go First,20/11/2021,New Delhi,Hyderabad,6:05,13:20,7h 15m,1 Stop,5740
Air India,20/11/2021,New Delhi,Hyderabad,6:10,20:15,14h 05m,1 Stop,5740
Vistara,20/11/2021,New Delhi,Hyderabad,8:05,20:25,12h 20m,1 Stop,5754
Vistara,20/11/2021,New Delhi,Hyderabad,6:15,20:25,14h 10m,1 Stop,5754
Vistara,20/11/2021,New Delhi,Hyderabad,20:40,20:25,23h 45m,1 Stop,5754
Vistara,20/11/2021,New Delhi,Hyderabad,19:50,20:25,24h 35m,1 Stop,5754
Vistara,20/11/2021,New Delhi,Hyderabad,17:35,20:25,26h 50m,1 Stop,5754
IndiGo,20/11/2021,New Delhi,Hyderabad,9:15,17:00,7h 45m,1 Stop,5903
Vistara,20/11/2021,New Delhi,Hyderabad,7:30,12:15,4h 45m,1 Stop,5948
Vistara,20/11/2021,New Delhi,Hyderabad,8:50,20:55,12h 05m,1 Stop,5948
IndiGo,20/11/2021,New Delhi,Hyderabad,13:00,21:20,8h 20m,1 Stop,5951
Air Asia,20/11/2021,New Delhi,Hyderabad,12:40,19:00,6h 20m,1 Stop,5953
Air Asia,20/11/2021,New Delhi,Hyderabad,7:10,15:35,8h 25m,2 Stop(s),5953
Air Asia,20/11/2021,New Delhi,Hyderabad,12:40,21:25,8h 45m,1 Stop,5953
Vistara,20/11/2021,New Delhi,Hyderabad,14:15,20:25,6h 10m,1 Stop,6069
Air India,20/11/2021,New Delhi,Hyderabad,9:30,20:15,10h 45m,1 Stop,6160
IndiGo,20/11/2021,New Delhi,Hyderabad,14:40,22:45,8h 05m,1 Stop,6218
IndiGo,20/11/2021,New Delhi,Hyderabad,12:55,19:40,6h 45m,1 Stop,6247
Go First,20/11/2021,New Delhi,Hyderabad,9:00,15:30,6h 30m,1 Stop,6258
Go First,20/11/2021,New Delhi,Hyderabad,6:00,15:30,9h 30m,1 Stop,6258
Air India,20/11/2021,New Delhi,Hyderabad,6:00,17:35,11h 35m,3 Stop(s),6304
Air India,20/11/2021,New Delhi,Hyderabad,6:50,21:15,14h 25m,1 Stop,6344
Air Asia,20/11/2021,New Delhi,Hyderabad,16:15,20:25,4h 10m,1 Stop,6499
Air India,20/11/2021,New Delhi,Hyderabad,21:15,19:00,21h 45m,2 Stop(s),6580
Air India,20/11/2021,New Delhi,Hyderabad,21:15,9:00,21h 45m,2 Stop(s),6580
Vistara,20/11/2021,New Delhi,Hyderabad,19:55,12:15,16h 20m,2 Stop(s),6691
Vistara,20/11/2021,New Delhi,Hyderabad,7:20,20:55,13h 35m,2 Stop(s),6874
Vistara,20/11/2021,New Delhi,Hyderabad,13:30,07:50,18h 20m,2 Stop(s),7189
IndiGo,20/11/2021,New Delhi,Hyderabad,11:20,17:35,6h 15m,1 Stop,7373
Air Asia,20/11/2021,New Delhi,Hyderabad,12:10,19:00,6h 50m,1 Stop,8112
Air Asia,20/11/2021,New Delhi,Hyderabad,12:10,21:25,9h 15m,1 Stop,8112
SpiceJet,20/11/2021,New Delhi,Hyderabad,11:55,18:00,6h 05m,1 Stop,8264
Air India,20/11/2021,New Delhi,Hyderabad,22:00,21:05,23h 05m,2 Stop(s),10453
IndiGo,20/11/2021,New Delhi,Hyderabad,6:45,16:15,9h 30m,1 Stop,12098
Air India,20/11/2021,New Delhi,Hyderabad,8:10,10:30,2h 20m,Non Stop,3015
IndiGo,20/11/2021,New Delhi,Hyderabad,7:00,11:20,4h 20m,1 Stop,3015
IndiGo,20/11/2021,New Delhi,Hyderabad,5:30,11:00,5h 30m,1 Stop,3015
IndiGo,20/11/2021,New Delhi,Hyderabad,7:00,17:00,10h 00m,1 Stop,3015
Go First,20/11/2021,New Delhi,Hyderabad,7:20,9:30,2h 10m,Non Stop,3120
IndiGo,20/11/2021,New Delhi,Hyderabad,11:00,13:10,2h 10m,Non Stop,3120
IndiGo,20/11/2021,New Delhi,Hyderabad,6:45,9:00,2h 15m,Non Stop,3120
IndiGo,20/11/2021,New Delhi,Hyderabad,7:55,10:10,2h 15m,Non Stop,3120
IndiGo,20/11/2021,New Delhi,Hyderabad,9:40,11:55,2h 15m,Non Stop,3120
Vistara,20/11/2021,New Delhi,Hyderabad,17:40,19:50,2h 10m,Non Stop,3169
Vistara,20/11/2021,New Delhi,Hyderabad,14:45,17:00,2h 15m,Non Stop,3169
Vistara,20/11/2021,New Delhi,Hyderabad,7:05,9:25,2h 20m,Non Stop,3169
SpiceJet,20/11/2021,New Delhi,Hyderabad,17:00,19:05,2h 05m,Non Stop,3199
Air India,20/11/2021,New Delhi,Hyderabad,9:45,11:55,2h 10m,Non Stop,3435
Air India,20/11/2021,New Delhi,Hyderabad,21:10,23:35,2h 25m,Non Stop,3435
IndiGo,20/11/2021,New Delhi,Hyderabad,19:30,21:50,2h 20m,Non Stop,3750
SpiceJet,20/11/2021,New Delhi,Hyderabad,6:15,19:35,13h 20m,1 Stop,3752
IndiGo,20/11/2021,New Delhi,Hyderabad,13:00,15:15,2h 15m,Non Stop,4170
IndiGo,20/11/2021,New Delhi,Hyderabad,5:30,12:40,7h 10m,1 Stop,4202
IndiGo,20/11/2021,New Delhi,Hyderabad,15:00,21:20,6h 20m,1 Stop,4372
Go First,20/11/2021,New Delhi,Hyderabad,6:00,17:40,11h 40m,1 Stop,4673
Air India,20/11/2021,New Delhi,Hyderabad,12:10,21:15,9h 05m,1 Stop,4730
Vistara,20/11/2021,New Delhi,Hyderabad,20:40,07:50,11h 10m,1 Stop,4923
Vistara,20/11/2021,New Delhi,Hyderabad,21:40,12:15,14h 35m,1 Stop,4923
Vistara,20/11/2021,New Delhi,Hyderabad,6:00,20:55,14h 55m,1 Stop,4923
Vistara,20/11/2021,New Delhi,Hyderabad,20:40,12:15,15h 35m,1 Stop,4923
Go First,20/11/2021,New Delhi,Hyderabad,18:40,00:05,5h 25m,1 Stop,5440
Go First,20/11/2021,New Delhi,Hyderabad,18:40,08:30,13h 50m,1 Stop,5440
Vistara,20/11/2021,New Delhi,Hyderabad,15:30,20:55,5h 25m,1 Stop,5448
Vistara,20/11/2021,New Delhi,Hyderabad,12:50,20:55,8h 05m,1 Stop,5448
Vistara,20/11/2021,New Delhi,Hyderabad,11:40,20:55,9h 15m,1 Stop,5448
Vistara,20/11/2021,New Delhi,Hyderabad,10:20,20:55,10h 35m,1 Stop,5448
Vistara,20/11/2021,New Delhi,Hyderabad,9:30,20:55,11h 25m,1 Stop,5448
Vistara,20/11/2021,New Delhi,Hyderabad,19:50,08:50,12h 00m,1 Stop,5448
Vistara,20/11/2021,New Delhi,Hyderabad,19:50,09:50,12h 00m,1 Stop,5448
Vistara,20/11/2021,New Delhi,Hyderabad,19:50,10:50,12h 00m,1 Stop,5448
Vistara,20/11/2021,New Delhi,Hyderabad,19:50,05:50,12h 00m,1 Stop,5448
Vistara,20/11/2021,New Delhi,Hyderabad,19:50,06:50,12h 00m,1 Stop,5448
Vistara,20/11/2021,New Delhi,Hyderabad,19:50,07:50,12h 00m,1 Stop,5448
Air Asia,20/11/2021,New Delhi,Hyderabad,9:35,15:35,6h 00m,1 Stop,5466
Air Asia,20/11/2021,New Delhi,Hyderabad,8:00,15:35,7h 35m,1 Stop,5466
Air Asia,20/11/2021,New Delhi,Hyderabad,9:35,17:45,8h 10m,1 Stop,5466
IndiGo,20/11/2021,New Delhi,Hyderabad,7:20,17:35,10h 15m,1 Stop,5728
Go First,20/11/2021,New Delhi,Hyderabad,6:05,13:20,7h 15m,1 Stop,5740
Air India,20/11/2021,New Delhi,Hyderabad,6:10,20:15,14h 05m,1 Stop,5740
Vistara,20/11/2021,New Delhi,Hyderabad,8:05,20:25,12h 20m,1 Stop,5754
Vistara,20/11/2021,New Delhi,Hyderabad,6:15,20:25,14h 10m,1 Stop,5754
IndiGo,20/11/2021,New Delhi,Hyderabad,9:15,17:00,7h 45m,1 Stop,5903
Vistara,20/11/2021,New Delhi,Hyderabad,7:30,12:15,4h 45m,1 Stop,5948
Vistara,20/11/2021,New Delhi,Hyderabad,8:50,20:55,12h 05m,1 Stop,5948
Vistara,20/11/2021,New Delhi,Hyderabad,18:55,07:50,12h 55m,1 Stop,5948
Vistara,20/11/2021,New Delhi,Hyderabad,7:30,20:55,13h 25m,1 Stop,5948
Vistara,20/11/2021,New Delhi,Hyderabad,17:45,07:50,14h 05m,1 Stop,5948
Vistara,20/11/2021,New Delhi,Hyderabad,18:55,12:15,17h 20m,1 Stop,5948
Vistara,20/11/2021,New Delhi,Hyderabad,17:45,12:15,18h 30m,1 Stop,5948
Vistara,20/11/2021,New Delhi,Hyderabad,8:50,07:50,23h 00m,1 Stop,5948
IndiGo,20/11/2021,New Delhi,Hyderabad,13:00,21:20,8h 20m,1 Stop,5951
Air Asia,20/11/2021,New Delhi,Hyderabad,12:40,19:00,6h 20m,1 Stop,5953
Air Asia,20/11/2021,New Delhi,Hyderabad,7:10,15:35,8h 25m,2 Stop(s),5953
Air Asia,20/11/2021,New Delhi,Hyderabad,12:40,21:25,8h 45m,1 Stop,5953
Vistara,22/11/2021,New Delhi,Hyderabad,14:15,20:25,6h 10m,1 Stop,6069
Air India,22/11/2021,New Delhi,Hyderabad,9:30,20:15,10h 45m,1 Stop,6160
Go First,22/11/2021,New Delhi,Hyderabad,9:00,15:30,6h 30m,1 Stop,6258
Go First,22/11/2021,New Delhi,Hyderabad,6:00,15:30,9h 30m,1 Stop,6258
Air India,22/11/2021,New Delhi,Hyderabad,6:00,17:35,11h 35m,3 Stop(s),6304
Air India,22/11/2021,New Delhi,Hyderabad,6:50,21:15,14h 25m,1 Stop,6344
Air Asia,22/11/2021,New Delhi,Hyderabad,16:15,20:25,4h 10m,1 Stop,6499
Air Asia,22/11/2021,New Delhi,Hyderabad,12:10,19:00,6h 50m,1 Stop,8112
Air Asia,22/11/2021,New Delhi,Hyderabad,12:10,21:25,9h 15m,1 Stop,8112
SpiceJet,22/11/2021,New Delhi,Hyderabad,11:55,18:00,6h 05m,1 Stop,8264
Go First,22/11/2021,New Delhi,Hyderabad,10:45,23:20,12h 35m,1 Stop,8915
Air India,22/11/2021,New Delhi,Hyderabad,10:55,21:05,10h 10m,2 Stop(s),11188
IndiGo,22/11/2021,New Delhi,Hyderabad,6:45,16:15,9h 30m,1 Stop,12098
Air India,22/11/2021,New Delhi,Hyderabad,8:10,10:30,2h 20m,Non Stop,3015
IndiGo,22/11/2021,New Delhi,Hyderabad,7:00,11:20,4h 20m,1 Stop,3015
IndiGo,22/11/2021,New Delhi,Hyderabad,5:30,11:00,5h 30m,1 Stop,3015
IndiGo,22/11/2021,New Delhi,Hyderabad,7:00,17:00,10h 00m,1 Stop,3015
Go First,22/11/2021,New Delhi,Hyderabad,7:20,9:30,2h 10m,Non Stop,3120
IndiGo,22/11/2021,New Delhi,Hyderabad,11:00,13:10,2h 10m,Non Stop,3120
IndiGo,22/11/2021,New Delhi,Hyderabad,6:45,9:00,2h 15m,Non Stop,3120
IndiGo,22/11/2021,New Delhi,Hyderabad,7:55,10:10,2h 15m,Non Stop,3120
IndiGo,22/11/2021,New Delhi,Hyderabad,9:40,11:55,2h 15m,Non Stop,3120
Go First,22/11/2021,New Delhi,Hyderabad,19:35,21:50,2h 15m,Non Stop,3120
Vistara,22/11/2021,New Delhi,Hyderabad,17:40,19:50,2h 10m,Non Stop,3169
Vistara,22/11/2021,New Delhi,Hyderabad,14:45,17:00,2h 15m,Non Stop,3169
Vistara,22/11/2021,New Delhi,Hyderabad,7:05,9:25,2h 20m,Non Stop,3169
Vistara,22/11/2021,New Delhi,Hyderabad,20:35,22:55,2h 20m,Non Stop,3169
SpiceJet,22/11/2021,New Delhi,Hyderabad,17:00,19:05,2h 05m,Non Stop,3199
Air India,22/11/2021,New Delhi,Hyderabad,9:45,11:55,2h 10m,Non Stop,3435
IndiGo,22/11/2021,New Delhi,Hyderabad,23:05,01:15,2h 10m,Non Stop,3435
IndiGo,22/11/2021,New Delhi,Hyderabad,17:45,20:00,2h 15m,Non Stop,3435
IndiGo,22/11/2021,New Delhi,Hyderabad,21:15,23:30,2h 15m,Non Stop,3435
Air India,22/11/2021,New Delhi,Hyderabad,21:10,23:35,2h 25m,Non Stop,3435
IndiGo,22/11/2021,New Delhi,Hyderabad,19:30,21:50,2h 20m,Non Stop,3750
SpiceJet,22/11/2021,New Delhi,Hyderabad,6:15,19:35,13h 20m,1 Stop,3752
IndiGo,22/11/2021,New Delhi,Hyderabad,13:00,15:15,2h 15m,Non Stop,4170
IndiGo,22/11/2021,New Delhi,Hyderabad,5:30,12:40,7h 10m,1 Stop,4202
IndiGo,22/11/2021,New Delhi,Hyderabad,15:00,21:20,6h 20m,1 Stop,4372
Go First,22/11/2021,New Delhi,Hyderabad,6:00,17:40,11h 40m,1 Stop,4673
Air India,22/11/2021,New Delhi,Hyderabad,20:40,09:55,13h 15m,1 Stop,4811
Vistara,22/11/2021,New Delhi,Hyderabad,15:30,20:55,5h 25m,1 Stop,5448
Vistara,22/11/2021,New Delhi,Hyderabad,12:50,20:55,8h 05m,1 Stop,5448
Vistara,22/11/2021,New Delhi,Hyderabad,11:40,20:55,9h 15m,1 Stop,5448
Vistara,22/11/2021,New Delhi,Hyderabad,10:20,20:55,10h 35m,1 Stop,5448
Vistara,22/11/2021,New Delhi,Hyderabad,9:30,20:55,11h 25m,1 Stop,5448
Vistara,22/11/2021,New Delhi,Hyderabad,19:50,07:50,12h 00m,1 Stop,5448
Vistara,22/11/2021,New Delhi,Hyderabad,19:50,06:50,12h 00m,1 Stop,5448
Vistara,22/11/2021,New Delhi,Hyderabad,19:50,05:50,12h 00m,1 Stop,5448
Vistara,22/11/2021,New Delhi,Hyderabad,19:50,04:50,12h 00m,1 Stop,5448
Vistara,22/11/2021,New Delhi,Hyderabad,19:50,03:50,12h 00m,1 Stop,5448
Vistara,22/11/2021,New Delhi,Hyderabad,19:50,07:50,12h 00m,1 Stop,5448
Vistara,22/11/2021,New Delhi,Hyderabad,19:50,09:50,12h 00m,1 Stop,5448
Vistara,22/11/2021,New Delhi,Hyderabad,19:50,06:50,12h 00m,1 Stop,5448
Vistara,22/11/2021,New Delhi,Hyderabad,19:50,07:50,12h 00m,1 Stop,5448
Vistara,22/11/2021,New Delhi,Hyderabad,19:50,09:50,12h 00m,1 Stop,5448
Air Asia,22/11/2021,New Delhi,Hyderabad,9:35,15:35,6h 00m,1 Stop,5466
Air Asia,22/11/2021,New Delhi,Hyderabad,8:00,15:35,7h 35m,1 Stop,5466
Air Asia,22/11/2021,New Delhi,Hyderabad,9:35,17:45,8h 10m,1 Stop,5466
Air Asia,22/11/2021,New Delhi,Hyderabad,21:25,06:35,9h 10m,1 Stop,5466
IndiGo,22/11/2021,New Delhi,Hyderabad,7:20,17:35,10h 15m,1 Stop,5728
Go First,22/11/2021,New Delhi,Hyderabad,6:05,13:20,7h 15m,1 Stop,5740
Air India,22/11/2021,New Delhi,Hyderabad,6:10,20:15,14h 05m,1 Stop,5740
Vistara,22/11/2021,New Delhi,Hyderabad,8:05,20:25,12h 20m,1 Stop,5754
Vistara,22/11/2021,New Delhi,Hyderabad,6:15,20:25,14h 10m,1 Stop,5754
Vistara,22/11/2021,New Delhi,Hyderabad,20:40,20:25,23h 45m,1 Stop,5754
Vistara,22/11/2021,New Delhi,Hyderabad,19:50,20:25,24h 35m,1 Stop,5754
Vistara,22/11/2021,New Delhi,Hyderabad,17:35,20:25,26h 50m,1 Stop,5754
IndiGo,22/11/2021,New Delhi,Hyderabad,9:15,17:00,7h 45m,1 Stop,5903
Vistara,22/11/2021,New Delhi,Hyderabad,7:30,12:15,4h 45m,1 Stop,5948
Vistara,22/11/2021,New Delhi,Hyderabad,8:50,20:55,12h 05m,1 Stop,5948
Vistara,22/11/2021,New Delhi,Hyderabad,18:55,07:50,12h 55m,1 Stop,5948
Vistara,22/11/2021,New Delhi,Hyderabad,7:30,20:55,13h 25m,1 Stop,5948
Vistara,22/11/2021,New Delhi,Hyderabad,17:45,07:50,14h 05m,1 Stop,5948
Vistara,22/11/2021,New Delhi,Hyderabad,18:55,12:15,17h 20m,1 Stop,5948
Vistara,22/11/2021,New Delhi,Hyderabad,17:45,12:15,18h 30m,1 Stop,5948
Vistara,22/11/2021,New Delhi,Hyderabad,8:50,07:50,23h 00m,1 Stop,5948
IndiGo,22/11/2021,New Delhi,Hyderabad,13:00,21:20,8h 20m,1 Stop,5951
Air Asia,22/11/2021,New Delhi,Hyderabad,12:40,19:00,6h 20m,1 Stop,5953
Air Asia,22/11/2021,New Delhi,Hyderabad,7:10,15:35,8h 25m,2 Stop(s),5953
Air Asia,22/11/2021,New Delhi,Hyderabad,12:40,21:25,8h 45m,1 Stop,5953
Vistara,22/11/2021,New Delhi,Hyderabad,14:15,20:25,6h 10m,1 Stop,6069
Air India,22/11/2021,New Delhi,Hyderabad,9:30,20:15,10h 45m,1 Stop,6160
Go First,22/11/2021,New Delhi,Hyderabad,9:00,15:30,6h 30m,1 Stop,6258
Go First,22/11/2021,New Delhi,Hyderabad,6:00,15:30,9h 30m,1 Stop,6258
Air India,22/11/2021,New Delhi,Hyderabad,6:00,17:35,11h 35m,3 Stop,6304
Air India,22/11/2021,New Delhi,Hyderabad,6:50,21:15,14h 25m,1 Stop,6344
Air Asia,22/11/2021,New Delhi,Hyderabad,16:15,20:25,4h 10m,1 Stop,6499
Air Asia,22/11/2021,New Delhi,Hyderabad,12:10,19:00,6h 50m,1 Stop,8112
Air Asia,22/11/2021,New Delhi,Hyderabad,12:10,21:25,9h 15m,1 Stop,8112
SpiceJet,22/11/2021,New Delhi,Hyderabad,11:55,18:00,6h 05m,1 Stop,8264
IndiGo,22/11/2021,New Delhi,Hyderabad,6:45,16:15,9h 30m,1 Stop,12098
SpiceJet,22/11/2021,New Delhi,Hyderabad,17:00,19:05,2h 05m,Non Stop,3283
Air Asia,22/11/2021,New Delhi,Hyderabad,9:35,15:35,6h 00m,1 Stop,5953
Air Asia,22/11/2021,New Delhi,Hyderabad,8:00,15:35,7h 35m,1 Stop,5953
Air Asia,22/11/2021,New Delhi,Hyderabad,9:35,17:45,8h 10m,1 Stop,5953
Air Asia,22/11/2021,New Delhi,Hyderabad,7:10,15:35,8h 25m,2 Stop,5953
Air Asia,22/11/2021,New Delhi,Hyderabad,21:25,06:35,9h 10m,1 Stop,5953
Air Asia,22/11/2021,New Delhi,Hyderabad,21:00,06:45,9h 45m,1 Stop,5953
Go First,22/11/2021,New Delhi,Hyderabad,7:20,9:30,2h 10m,Non Stop,5954
Go First,22/11/2021,New Delhi,Hyderabad,19:35,21:50,2h 15m,Non Stop,5954
Go First,22/11/2021,New Delhi,Hyderabad,18:40,08:30,13h 50m,1 Stop,5954
IndiGo,22/11/2021,New Delhi,Hyderabad,11:00,13:10,2h 10m,Non Stop,5955
Vistara,22/11/2021,New Delhi,Hyderabad,17:40,19:50,2h 10m,Non Stop,5955
IndiGo,22/11/2021,New Delhi,Hyderabad,23:05,01:15,2h 10m,Non Stop,5955
IndiGo,22/11/2021,New Delhi,Hyderabad,6:45,9:00,2h 15m,Non Stop,5955
IndiGo,22/11/2021,New Delhi,Hyderabad,7:55,10:10,2h 15m,Non Stop,5955
IndiGo,22/11/2021,New Delhi,Hyderabad,9:40,11:55,2h 15m,Non Stop,5955
Vistara,22/11/2021,New Delhi,Hyderabad,14:45,17:00,2h 15m,Non Stop,5955
Vistara,22/11/2021,New Delhi,Hyderabad,7:05,9:25,2h 20m,Non Stop,5955
IndiGo,22/11/2021,New Delhi,Hyderabad,19:30,21:50,2h 20m,Non Stop,5955
Vistara,22/11/2021,New Delhi,Hyderabad,20:35,22:55,2h 20m,Non Stop,5955
Air India,22/11/2021,New Delhi,Hyderabad,21:10,23:35,2h 25m,Non Stop,5955
SpiceJet,22/11/2021,New Delhi,Hyderabad,11:55,18:00,6h 05m,1 Stop,5955
IndiGo,22/11/2021,New Delhi,Hyderabad,15:00,21:20,6h 20m,1 Stop,5955
IndiGo,22/11/2021,New Delhi,Hyderabad,12:55,19:40,6h 45m,1 Stop,5955
IndiGo,22/11/2021,New Delhi,Hyderabad,5:30,12:40,7h 10m,1 Stop,5955
IndiGo,22/11/2021,New Delhi,Hyderabad,7:00,17:00,10h 00m,1 Stop,5955
IndiGo,22/11/2021,New Delhi,Hyderabad,7:20,17:35,10h 15m,1 Stop,5955
Air Asia,22/11/2021,New Delhi,Hyderabad,16:15,20:25,4h 10m,1 Stop,5956
IndiGo,22/11/2021,New Delhi,Hyderabad,17:45,20:00,2h 15m,Non Stop,6165
IndiGo,22/11/2021,New Delhi,Hyderabad,21:15,23:30,2h 15m,Non Stop,6165
IndiGo,22/11/2021,New Delhi,Hyderabad,13:00,15:15,2h 15m,Non Stop,6375
Air Asia,22/11/2021,New Delhi,Hyderabad,12:40,21:25,8h 45m,1 Stop,6764
Air India,22/11/2021,New Delhi,Hyderabad,9:45,11:55,2h 10m,Non Stop,6795
Air India,22/11/2021,New Delhi,Hyderabad,8:10,10:30,2h 20m,Non Stop,6795
Air India,22/11/2021,New Delhi,Hyderabad,15:05,21:35,6h 30m,2 Stop(s),8816
Air India,22/11/2021,New Delhi,Hyderabad,10:40,21:35,10h 55m,1 Stop,8816
Air India,22/11/2021,New Delhi,Hyderabad,9:00,21:35,12h 35m,1 Stop,8816
Air India,22/11/2021,New Delhi,Hyderabad,8:00,21:35,13h 35m,1 Stop,8816
Air India,22/11/2021,New Delhi,Hyderabad,7:00,21:35,14h 35m,1 Stop,8816
IndiGo,22/11/2021,New Delhi,Hyderabad,14:40,22:45,8h 05m,1 Stop,9210
Air India,22/11/2021,New Delhi,Hyderabad,17:20,08:50,15h 30m,1 Stop,9302
Vistara,22/11/2021,New Delhi,Hyderabad,15:30,20:55,5h 25m,1 Stop,9840
Vistara,22/11/2021,New Delhi,Hyderabad,6:00,12:15,6h 15m,1 Stop,9840
Air Asia,22/11/2021,New Delhi,Hyderabad,12:40,19:15,6h 35m,1 Stop,9840
Air Asia,22/11/2021,New Delhi,Hyderabad,12:10,21:25,9h 15m,1 Stop,9840
Vistara,22/11/2021,New Delhi,Hyderabad,21:40,04:50,10h 10m,1 Stop,9840
Vistara,22/11/2021,New Delhi,Hyderabad,21:40,05:50,10h 10m,1 Stop,9840
Vistara,22/11/2021,New Delhi,Hyderabad,21:40,06:50,10h 10m,1 Stop,9840
Vistara,22/11/2021,New Delhi,Hyderabad,21:40,06:50,10h 10m,1 Stop,9840
Vistara,22/11/2021,New Delhi,Hyderabad,21:40,08:50,10h 10m,1 Stop,9840
Vistara,22/11/2021,New Delhi,Hyderabad,21:40,09:50,10h 10m,1 Stop,9840
Vistara,22/11/2021,New Delhi,Hyderabad,7:30,12:15,4h 45m,1 Stop,10260
Vistara,22/11/2021,New Delhi,Hyderabad,9:30,20:55,11h 25m,1 Stop,10260
Vistara,22/11/2021,New Delhi,Hyderabad,8:50,20:55,12h 05m,1 Stop,10260
Go First,22/11/2021,New Delhi,Hyderabad,6:05,13:20,7h 15m,1 Stop,10575
Vistara,22/11/2021,New Delhi,Hyderabad,12:50,20:55,8h 05m,1 Stop,10575
Vistara,22/11/2021,New Delhi,Hyderabad,11:40,20:55,9h 15m,1 Stop,10575
Vistara,22/11/2021,New Delhi,Hyderabad,10:20,20:55,10h 35m,1 Stop,10575
Air India,22/11/2021,New Delhi,Hyderabad,6:50,21:15,14h 25m,1 Stop,10981
Air Asia,22/11/2021,New Delhi,Hyderabad,12:10,19:15,7h 05m,1 Stop,11206
Vistara,22/11/2021,New Delhi,Hyderabad,14:15,20:25,6h 10m,1 Stop,11310
Air India,22/11/2021,New Delhi,Hyderabad,13:30,20:15,6h 45m,1 Stop,11310
Air India,22/11/2021,New Delhi,Hyderabad,9:45,20:15,10h 30m,1 Stop,11310
Vistara,22/11/2021,New Delhi,Hyderabad,8:05,20:25,12h 20m,1 Stop,11310
Air India,22/11/2021,New Delhi,Hyderabad,6:10,20:15,14h 05m,1 Stop,11310
Vistara,22/11/2021,New Delhi,Hyderabad,6:15,20:25,14h 10m,1 Stop,11310
Air India,22/11/2021,New Delhi,Hyderabad,4:55,21:35,16h 40m,2 Stop(s),13895
Go First,22/11/2021,New Delhi,Hyderabad,10:45,23:20,12h 35m,1 Stop,15039
Air India,22/11/2021,New Delhi,Hyderabad,10:55,21:05,10h 10m,2 Stop(s),15983
IndiGo,22/11/2021,New Delhi,Hyderabad,11:20,17:35,6h 15m,1 Stop,16718
SpiceJet,22/11/2021,New Delhi,Hyderabad,17:00,19:05,2h 05m,Non Stop,3283
Air Asia,22/11/2021,New Delhi,Hyderabad,9:35,15:35,6h 00m,1 Stop,5953
Air Asia,22/11/2021,New Delhi,Hyderabad,8:00,15:35,7h 35m,1 Stop,5953
Air Asia,22/11/2021,New Delhi,Hyderabad,9:35,17:45,8h 10m,1 Stop,5953
Air Asia,22/11/2021,New Delhi,Hyderabad,7:10,15:35,8h 25m,2 Stop(s),5953
Go First,22/11/2021,New Delhi,Hyderabad,7:20,9:30,2h 10m,Non Stop,5954
Go First,22/11/2021,New Delhi,Hyderabad,19:35,21:50,2h 15m,Non Stop,5954
Go First,22/11/2021,New Delhi,Hyderabad,18:40,08:30,13h 50m,1 Stop,5954
IndiGo,22/11/2021,New Delhi,Hyderabad,11:00,13:10,2h 10m,Non Stop,5955
Vistara,25/11/2021,New Delhi,Hyderabad,17:40,19:50,2h 10m,Non Stop,5955
IndiGo,25/11/2021,New Delhi,Hyderabad,23:05,01:15,2h 10m,Non Stop,5955
IndiGo,25/11/2021,New Delhi,Hyderabad,6:45,9:00,2h 15m,Non Stop,5955
IndiGo,25/11/2021,New Delhi,Hyderabad,7:55,10:10,2h 15m,Non Stop,5955
IndiGo,25/11/2021,New Delhi,Hyderabad,9:40,11:55,2h 15m,Non Stop,5955
Vistara,25/11/2021,New Delhi,Hyderabad,14:45,17:00,2h 15m,Non Stop,5955
Vistara,25/11/2021,New Delhi,Hyderabad,7:05,9:25,2h 20m,Non Stop,5955
IndiGo,25/11/2021,New Delhi,Hyderabad,19:30,21:50,2h 20m,Non Stop,5955
Vistara,25/11/2021,New Delhi,Hyderabad,20:35,22:55,2h 20m,Non Stop,5955
Air India,25/11/2021,New Delhi,Hyderabad,21:10,23:35,2h 25m,Non Stop,5955
SpiceJet,25/11/2021,New Delhi,Hyderabad,11:55,18:00,6h 05m,1 Stop,5955
IndiGo,25/11/2021,New Delhi,Hyderabad,15:00,21:20,6h 20m,1 Stop,5955
IndiGo,25/11/2021,New Delhi,Hyderabad,12:55,19:40,6h 45m,1 Stop,5955
IndiGo,25/11/2021,New Delhi,Hyderabad,5:30,12:40,7h 10m,1 Stop,5955
IndiGo,25/11/2021,New Delhi,Hyderabad,9:15,17:00,7h 45m,1 Stop,5955
IndiGo,25/11/2021,New Delhi,Hyderabad,6:45,16:15,9h 30m,1 Stop,5955
IndiGo,25/11/2021,New Delhi,Hyderabad,7:00,17:00,10h 00m,1 Stop,5955
IndiGo,25/11/2021,New Delhi,Hyderabad,7:20,17:35,10h 15m,1 Stop,5955
Air Asia,25/11/2021,New Delhi,Hyderabad,16:15,20:25,4h 10m,1 Stop,5956
IndiGo,25/11/2021,New Delhi,Hyderabad,17:45,20:00,2h 15m,Non Stop,6165
IndiGo,25/11/2021,New Delhi,Hyderabad,21:15,23:30,2h 15m,Non Stop,6165
IndiGo,25/11/2021,New Delhi,Hyderabad,13:00,15:15,2h 15m,Non Stop,6375
Air Asia,25/11/2021,New Delhi,Hyderabad,12:40,21:25,8h 45m,1 Stop,6764
Air India,25/11/2021,New Delhi,Hyderabad,9:45,11:55,2h 10m,Non Stop,6795
Air India,25/11/2021,New Delhi,Hyderabad,8:10,10:30,2h 20m,Non Stop,6795
Air India,25/11/2021,New Delhi,Hyderabad,10:40,21:35,10h 55m,1 Stop,8816
Air India,25/11/2021,New Delhi,Hyderabad,9:00,21:35,12h 35m,1 Stop,8816
Air India,25/11/2021,New Delhi,Hyderabad,8:00,21:35,13h 35m,1 Stop,8816
Air India,25/11/2021,New Delhi,Hyderabad,7:00,21:35,14h 35m,1 Stop,8816
IndiGo,25/11/2021,New Delhi,Hyderabad,14:40,22:45,8h 05m,1 Stop,9210
Air India,25/11/2021,New Delhi,Hyderabad,17:20,08:50,15h 30m,1 Stop,9302
Vistara,25/11/2021,New Delhi,Hyderabad,15:30,20:55,5h 25m,1 Stop,9840
Vistara,25/11/2021,New Delhi,Hyderabad,6:00,12:15,6h 15m,1 Stop,9840
Air Asia,25/11/2021,New Delhi,Hyderabad,12:40,19:15,6h 35m,1 Stop,9840
Air Asia,25/11/2021,New Delhi,Hyderabad,12:10,21:25,9h 15m,1 Stop,9840
Vistara,25/11/2021,New Delhi,Hyderabad,21:40,07:50,10h 10m,1 Stop,9840
Vistara,25/11/2021,New Delhi,Hyderabad,21:40,07:50,10h 10m,1 Stop,9840
Vistara,25/11/2021,New Delhi,Hyderabad,21:40,07:50,10h 10m,1 Stop,9840
Vistara,25/11/2021,New Delhi,Hyderabad,21:40,07:50,10h 10m,1 Stop,9840
Vistara,25/11/2021,New Delhi,Hyderabad,21:40,07:50,10h 10m,1 Stop,9840
Vistara,25/11/2021,New Delhi,Hyderabad,21:40,07:50,10h 10m,1 Stop,9840
Vistara,25/11/2021,New Delhi,Hyderabad,21:40,07:50,10h 10m,1 Stop,9840
Air India,25/11/2021,New Delhi,Hyderabad,6:50,21:15,14h 25m,1 Stop,10981
Air Asia,25/11/2021,New Delhi,Hyderabad,12:10,19:15,7h 05m,1 Stop,11206
IndiGo,25/11/2021,New Delhi,Hyderabad,5:30,11:00,5h 30m,1 Stop,11258
Vistara,25/11/2021,New Delhi,Hyderabad,14:15,20:25,6h 10m,1 Stop,11310
Air India,25/11/2021,New Delhi,Hyderabad,13:30,20:15,6h 45m,1 Stop,11310
Air India,25/11/2021,New Delhi,Hyderabad,9:45,20:15,10h 30m,1 Stop,11310
Vistara,25/11/2021,New Delhi,Hyderabad,8:05,20:25,12h 20m,1 Stop,11310
Air India,25/11/2021,New Delhi,Hyderabad,20:40,09:55,13h 15m,1 Stop,11310
Air India,25/11/2021,New Delhi,Hyderabad,6:10,20:15,14h 05m,1 Stop,11310
Vistara,25/11/2021,New Delhi,Hyderabad,6:15,20:25,14h 10m,1 Stop,11310
Air India,25/11/2021,New Delhi,Hyderabad,21:15,20:15,23h 00m,1 Stop,11310
Vistara,25/11/2021,New Delhi,Hyderabad,20:40,20:25,23h 45m,1 Stop,11310
Vistara,25/11/2021,New Delhi,Hyderabad,19:50,20:25,24h 35m,1 Stop,11310
Vistara,25/11/2021,New Delhi,Hyderabad,17:35,20:25,26h 50m,1 Stop,11310
Air India,25/11/2021,New Delhi,Hyderabad,16:55,21:15,28h 20m,1 Stop,11520
Air India,25/11/2021,New Delhi,Hyderabad,9:45,19:00,9h 15m,2 Stop(s),11678
Air India,25/11/2021,New Delhi,Hyderabad,6:10,19:00,12h 50m,2 Stop(s),11678
Air India,25/11/2021,New Delhi,Hyderabad,6:05,09:55,27h 50m,1 Stop,11730
Air India,25/11/2021,New Delhi,Hyderabad,9:45,09:55,24h 10m,1 Stop,12150
Air India,25/11/2021,New Delhi,Hyderabad,20:15,21:15,25h 00m,1 Stop,12360
Vistara,25/11/2021,New Delhi,Hyderabad,17:10,20:55,27h 45m,2 Stop(s),12478
Air India,25/11/2021,New Delhi,Hyderabad,4:55,21:35,16h 40m,2 Stop(s),13895
Go First,25/11/2021,New Delhi,Hyderabad,10:45,23:20,12h 35m,1 Stop,15039
Air India,25/11/2021,New Delhi,Hyderabad,10:55,21:05,10h 10m,2 Stop(s),15983
IndiGo,25/11/2021,New Delhi,Hyderabad,11:20,17:35,6h 15m,1 Stop,16718
SpiceJet,25/11/2021,New Delhi,Hyderabad,17:00,19:05,2h 05m,Non Stop,3283
Air Asia,25/11/2021,New Delhi,Hyderabad,9:35,15:35,6h 00m,1 Stop,5953
Air Asia,25/11/2021,New Delhi,Hyderabad,8:00,15:35,7h 35m,1 Stop,5953
Air Asia,25/11/2021,New Delhi,Hyderabad,9:35,17:45,8h 10m,1 Stop,5953
Air Asia,25/11/2021,New Delhi,Hyderabad,7:10,15:35,8h 25m,2 Stop(s),5953
Air Asia,25/11/2021,New Delhi,Hyderabad,21:25,06:35,9h 10m,1 Stop,5953
Air Asia,25/11/2021,New Delhi,Hyderabad,21:00,06:45,9h 45m,1 Stop,5953
Go First,25/11/2021,New Delhi,Hyderabad,7:20,9:30,2h 10m,Non Stop,5954
Go First,25/11/2021,New Delhi,Hyderabad,19:35,21:50,2h 15m,Non Stop,5954
Go First,25/11/2021,New Delhi,Hyderabad,18:40,08:30,13h 50m,1 Stop,5954
IndiGo,25/11/2021,New Delhi,Hyderabad,11:00,13:10,2h 10m,Non Stop,5955
Vistara,25/11/2021,New Delhi,Hyderabad,17:40,19:50,2h 10m,Non Stop,5955
IndiGo,25/11/2021,New Delhi,Hyderabad,23:05,01:15,2h 10m,Non Stop,5955
IndiGo,25/11/2021,New Delhi,Hyderabad,6:45,9:00,2h 15m,Non Stop,5955
IndiGo,25/11/2021,New Delhi,Hyderabad,7:55,10:10,2h 15m,Non Stop,5955
IndiGo,25/11/2021,New Delhi,Hyderabad,9:40,11:55,2h 15m,Non Stop,5955
Vistara,25/11/2021,New Delhi,Hyderabad,14:45,17:00,2h 15m,Non Stop,5955
Vistara,25/11/2021,New Delhi,Hyderabad,7:05,9:25,2h 20m,Non Stop,5955
IndiGo,25/11/2021,New Delhi,Hyderabad,19:30,21:50,2h 20m,Non Stop,5955
Vistara,25/11/2021,New Delhi,Hyderabad,20:35,22:55,2h 20m,Non Stop,5955
Air India,25/11/2021,New Delhi,Hyderabad,21:10,23:35,2h 25m,Non Stop,5955
SpiceJet,25/11/2021,New Delhi,Hyderabad,11:55,18:00,6h 05m,1 Stop,5955
IndiGo,25/11/2021,New Delhi,Hyderabad,15:00,21:20,6h 20m,1 Stop,5955
IndiGo,25/11/2021,New Delhi,Hyderabad,12:55,19:40,6h 45m,1 Stop,5955
IndiGo,25/11/2021,New Delhi,Hyderabad,5:30,12:40,7h 10m,1 Stop,5955
IndiGo,25/11/2021,New Delhi,Hyderabad,9:15,17:00,7h 45m,1 Stop,5955
IndiGo,25/11/2021,New Delhi,Hyderabad,6:45,16:15,9h 30m,1 Stop,5955
IndiGo,25/11/2021,New Delhi,Hyderabad,7:00,17:00,10h 00m,1 Stop,5955
IndiGo,25/11/2021,New Delhi,Hyderabad,7:20,17:35,10h 15m,1 Stop,5955
Air Asia,25/11/2021,New Delhi,Hyderabad,16:15,20:25,4h 10m,1 Stop,5956
IndiGo,25/11/2021,New Delhi,Hyderabad,17:45,20:00,2h 15m,Non Stop,6165
IndiGo,25/11/2021,New Delhi,Hyderabad,21:15,23:30,2h 15m,Non Stop,6165
IndiGo,25/11/2021,New Delhi,Hyderabad,13:00,15:15,2h 15m,Non Stop,6375
Air Asia,25/11/2021,New Delhi,Hyderabad,12:40,21:25,8h 45m,1 Stop,6764
Air India,25/11/2021,New Delhi,Hyderabad,9:45,11:55,2h 10m,Non Stop,6795
Air India,25/11/2021,New Delhi,Hyderabad,8:10,10:30,2h 20m,Non Stop,6795
IndiGo,25/11/2021,New Delhi,Hyderabad,7:00,11:20,4h 20m,1 Stop,7908
Air India,25/11/2021,New Delhi,Hyderabad,15:05,21:35,6h 30m,2 Stop(s),8816
Air India,25/11/2021,New Delhi,Hyderabad,10:40,21:35,10h 55m,1 Stop,8816
Air India,25/11/2021,New Delhi,Hyderabad,9:00,21:35,12h 35m,1 Stop,8816
Air India,25/11/2021,New Delhi,Hyderabad,8:00,21:35,13h 35m,1 Stop,8816
Air India,25/11/2021,New Delhi,Hyderabad,7:00,21:35,14h 35m,1 Stop,8816
IndiGo,25/11/2021,New Delhi,Hyderabad,14:40,22:45,8h 05m,1 Stop,9210
Air India,25/11/2021,New Delhi,Hyderabad,17:20,08:50,15h 30m,1 Stop,9302
Vistara,25/11/2021,New Delhi,Hyderabad,15:30,20:55,5h 25m,1 Stop,9840
Vistara,25/11/2021,New Delhi,Hyderabad,6:00,12:15,6h 15m,1 Stop,9840
Air Asia,25/11/2021,New Delhi,Hyderabad,12:40,19:15,6h 35m,1 Stop,9840
Air Asia,25/11/2021,New Delhi,Hyderabad,12:10,21:25,9h 15m,1 Stop,9840
Vistara,25/11/2021,New Delhi,Hyderabad,21:40,07:50,10h 10m,1 Stop,9840
Vistara,25/11/2021,New Delhi,Hyderabad,17:45,07:50,14h 05m,1 Stop,9840
Vistara,25/11/2021,New Delhi,Hyderabad,21:40,12:15,14h 35m,1 Stop,9840
Vistara,25/11/2021,New Delhi,Hyderabad,6:00,20:55,14h 55m,1 Stop,9840
Vistara,25/11/2021,New Delhi,Hyderabad,15:30,07:50,16h 20m,1 Stop,9840
Vistara,25/11/2021,New Delhi,Hyderabad,17:45,12:15,18h 30m,1 Stop,9840
Air India,25/11/2021,New Delhi,Hyderabad,17:20,20:15,26h 55m,1 Stop,10007
Vistara,25/11/2021,New Delhi,Hyderabad,7:30,12:15,4h 45m,1 Stop,10260
Vistara,25/11/2021,New Delhi,Hyderabad,9:30,20:55,11h 25m,1 Stop,10260
Vistara,25/11/2021,New Delhi,Hyderabad,8:50,20:55,12h 05m,1 Stop,10260
Go First,25/11/2021,New Delhi,Hyderabad,6:05,13:20,7h 15m,1 Stop,10575
Vistara,25/11/2021,New Delhi,Hyderabad,12:50,20:55,8h 05m,1 Stop,10575
Vistara,25/11/2021,New Delhi,Hyderabad,11:40,20:55,9h 15m,1 Stop,10575
Vistara,25/11/2021,New Delhi,Hyderabad,10:20,20:55,10h 35m,1 Stop,10575
Vistara,25/11/2021,New Delhi,Hyderabad,20:40,07:50,11h 10m,1 Stop,10575
Vistara,25/11/2021,New Delhi,Hyderabad,19:50,07:50,12h 00m,1 Stop,10575
Vistara,25/11/2021,New Delhi,Hyderabad,20:40,12:15,15h 35m,1 Stop,10575
Vistara,25/11/2021,New Delhi,Hyderabad,19:50,12:15,16h 25m,1 Stop,10575
Vistara,25/11/2021,New Delhi,Hyderabad,12:50,07:50,19h 00m,1 Stop,10575
Air India,25/11/2021,New Delhi,Hyderabad,13:30,08:50,19h 20m,1 Stop,10605
Air India,25/11/2021,New Delhi,Hyderabad,9:45,08:50,23h 05m,1 Stop,10605
Air India,25/11/2021,New Delhi,Hyderabad,6:10,08:50,26h 40m,1 Stop,10605
Air India,25/11/2021,New Delhi,Hyderabad,22:00,21:05,23h 05m,2 Stop(s),10794
Air India,25/11/2021,New Delhi,Hyderabad,6:50,21:15,14h 25m,1 Stop,10981
Air Asia,25/11/2021,New Delhi,Hyderabad,12:10,19:15,7h 05m,1 Stop,11206
IndiGo,25/11/2021,New Delhi,Hyderabad,5:30,11:00,5h 30m,1 Stop,11258
Vistara,25/11/2021,New Delhi,Hyderabad,14:15,20:25,6h 10m,1 Stop,11310
Air India,25/11/2021,New Delhi,Hyderabad,13:30,20:15,6h 45m,1 Stop,11310
Air India,25/11/2021,New Delhi,Hyderabad,9:45,20:15,10h 30m,1 Stop,11310
Vistara,25/11/2021,New Delhi,Hyderabad,8:05,20:25,12h 20m,1 Stop,11310
Air India,25/11/2021,New Delhi,Hyderabad,20:40,09:55,13h 15m,1 Stop,11310
Air India,25/11/2021,New Delhi,Hyderabad,6:10,20:15,14h 05m,1 Stop,11310
Vistara,25/11/2021,New Delhi,Hyderabad,6:15,20:25,14h 10m,1 Stop,11310
Air India,25/11/2021,New Delhi,Hyderabad,9:45,19:00,9h 15m,2 Stop(s),11678
Air India,25/11/2021,New Delhi,Hyderabad,6:10,19:00,12h 50m,2 Stop(s),11678
Air India,25/11/2021,New Delhi,Hyderabad,6:05,09:55,27h 50m,1 Stop,11730
Air India,25/11/2021,New Delhi,Hyderabad,9:45,09:55,24h 10m,1 Stop,12150
Air India,25/11/2021,New Delhi,Hyderabad,20:15,21:15,25h 00m,1 Stop,12360
Air India,25/11/2021,New Delhi,Hyderabad,22:00,21:05,23h 05m,2 Stop(s),10794
Air India,25/11/2021,New Delhi,Hyderabad,6:50,21:15,14h 25m,1 Stop,10981
Air Asia,25/11/2021,New Delhi,Hyderabad,12:10,19:15,7h 05m,1 Stop,11206
IndiGo,25/11/2021,New Delhi,Hyderabad,5:30,11:00,5h 30m,1 Stop,11258
Vistara,25/11/2021,New Delhi,Hyderabad,14:15,20:25,6h 10m,1 Stop,11310
Air India,25/11/2021,New Delhi,Hyderabad,13:30,20:15,6h 45m,1 Stop,11310
Air India,25/11/2021,New Delhi,Hyderabad,9:45,20:15,10h 30m,1 Stop,11310
Vistara,25/11/2021,New Delhi,Hyderabad,8:05,20:25,12h 20m,1 Stop,11310
Air India,25/11/2021,New Delhi,Hyderabad,20:40,09:55,13h 15m,1 Stop,11310
Air India,25/11/2021,New Delhi,Hyderabad,6:10,20:15,14h 05m,1 Stop,11310
Vistara,25/11/2021,New Delhi,Hyderabad,6:15,20:25,14h 10m,1 Stop,11310
Air India,25/11/2021,New Delhi,Hyderabad,9:45,19:00,9h 15m,2 Stop(s),11678
Air India,25/11/2021,New Delhi,Hyderabad,6:10,19:00,12h 50m,2 Stop(s),11678
Air India,25/11/2021,New Delhi,Hyderabad,6:05,09:55,27h 50m,1 Stop,11730
Air India,25/11/2021,New Delhi,Hyderabad,9:45,09:55,24h 10m,1 Stop,12150
Air India,25/11/2021,New Delhi,Hyderabad,20:15,21:15,25h 00m,1 Stop,12360
Go First,27/11/2021,New Delhi,Hyderabad,19:35,21:50,2h 15m,Non Stop,5954
IndiGo,27/11/2021,New Delhi,Hyderabad,11:00,13:10,2h 10m,Non Stop,5955
Vistara,27/11/2021,New Delhi,Hyderabad,17:40,19:50,2h 10m,Non Stop,5955
IndiGo,27/11/2021,New Delhi,Hyderabad,6:45,9:00,2h 15m,Non Stop,5955
IndiGo,27/11/2021,New Delhi,Hyderabad,7:55,10:10,2h 15m,Non Stop,5955
IndiGo,27/11/2021,New Delhi,Hyderabad,9:40,11:55,2h 15m,Non Stop,5955
Air India,25/11/2021,New Delhi,Hyderabad,10:40,21:35,10h 55m,1 Stop,8816
Air India,25/11/2021,New Delhi,Hyderabad,9:00,21:35,12h 35m,1 Stop,8816
Air India,25/11/2021,New Delhi,Hyderabad,8:00,21:35,13h 35m,1 Stop,8816
Air India,25/11/2021,New Delhi,Hyderabad,7:00,21:35,14h 35m,1 Stop,8816
IndiGo,25/11/2021,New Delhi,Hyderabad,14:40,22:45,8h 05m,1 Stop,9210
Air India,25/11/2021,New Delhi,Hyderabad,17:20,08:50,15h 30m,1 Stop,9302
Vistara,25/11/2021,New Delhi,Hyderabad,15:30,20:55,5h 25m,1 Stop,9840
Vistara,25/11/2021,New Delhi,Hyderabad,6:00,12:15,6h 15m,1 Stop,9840
Air Asia,25/11/2021,New Delhi,Hyderabad,12:40,19:15,6h 35m,1 Stop,9840
Air Asia,25/11/2021,New Delhi,Hyderabad,12:10,21:25,9h 15m,1 Stop,9840
Vistara,25/11/2021,New Delhi,Hyderabad,21:40,07:50,10h 10m,1 Stop,9840
Vistara,25/11/2021,New Delhi,Hyderabad,17:45,07:50,14h 05m,1 Stop,9840
Vistara,25/11/2021,New Delhi,Hyderabad,21:40,12:15,14h 35m,1 Stop,9840
Vistara,25/11/2021,New Delhi,Hyderabad,6:00,20:55,14h 55m,1 Stop,9840
Vistara,25/11/2021,New Delhi,Hyderabad,15:30,07:50,16h 20m,1 Stop,9840
Vistara,25/11/2021,New Delhi,Hyderabad,17:10,20:55,27h 45m,2 Stop(s),12478
Air India,25/11/2021,New Delhi,Hyderabad,4:55,21:35,16h 40m,2 Stop(s),13895
IndiGo,25/11/2021,New Delhi,Hyderabad,11:20,17:35,6h 15m,1 Stop,16718
SpiceJet,25/11/2021,New Delhi,Hyderabad,17:00,19:05,2h 05m,Non Stop,3283
Air Asia,25/11/2021,New Delhi,Hyderabad,9:35,15:35,6h 00m,1 Stop,5953
Air Asia,25/11/2021,New Delhi,Hyderabad,8:00,15:35,7h 35m,1 Stop,5953
Air Asia,25/11/2021,New Delhi,Hyderabad,9:35,17:45,8h 10m,1 Stop,5953
Air Asia,25/11/2021,New Delhi,Hyderabad,7:10,15:35,8h 25m,2 Stop(s),5953
Air Asia,25/11/2021,New Delhi,Hyderabad,21:25,06:35,9h 10m,1 Stop,5953
Air Asia,27/11/2021,New Delhi,Hyderabad,21:00,06:45,9h 45m,1 Stop,5953
Go First,27/11/2021,New Delhi,Hyderabad,7:20,9:30,2h 10m,Non Stop,5954
Go First,27/11/2021,New Delhi,Hyderabad,19:35,21:50,2h 15m,Non Stop,5954
IndiGo,27/11/2021,New Delhi,Hyderabad,11:00,13:10,2h 10m,Non Stop,5955
Vistara,27/11/2021,New Delhi,Hyderabad,17:40,19:50,2h 10m,Non Stop,5955
IndiGo,27/11/2021,New Delhi,Hyderabad,6:45,9:00,2h 15m,Non Stop,5955
IndiGo,27/11/2021,New Delhi,Hyderabad,7:55,10:10,2h 15m,Non Stop,5955
IndiGo,27/11/2021,New Delhi,Hyderabad,9:40,11:55,2h 15m,Non Stop,5955
Vistara,27/11/2021,New Delhi,Hyderabad,14:45,17:00,2h 15m,Non Stop,5955
Vistara,27/11/2021,New Delhi,Hyderabad,7:05,9:25,2h 20m,Non Stop,5955
IndiGo,27/11/2021,New Delhi,Hyderabad,19:30,21:50,2h 20m,Non Stop,5955
Vistara,27/11/2021,New Delhi,Hyderabad,20:35,22:55,2h 20m,Non Stop,5955
Air India,27/11/2021,New Delhi,Hyderabad,21:10,23:35,2h 25m,Non Stop,5955
SpiceJet,27/11/2021,New Delhi,Hyderabad,11:55,18:00,6h 05m,1 Stop,5955
IndiGo,27/11/2021,New Delhi,Hyderabad,15:00,21:20,6h 20m,1 Stop,5955
IndiGo,27/11/2021,New Delhi,Hyderabad,12:55,19:40,6h 45m,1 Stop,5955
IndiGo,27/11/2021,New Delhi,Hyderabad,5:30,12:40,7h 10m,1 Stop,5955
IndiGo,27/11/2021,New Delhi,Hyderabad,9:15,17:00,7h 45m,1 Stop,5955
IndiGo,27/11/2021,New Delhi,Hyderabad,6:45,16:15,9h 30m,1 Stop,5955
IndiGo,27/11/2021,New Delhi,Hyderabad,7:00,17:00,10h 00m,1 Stop,5955
IndiGo,27/11/2021,New Delhi,Hyderabad,7:20,17:35,10h 15m,1 Stop,5955
IndiGo,27/11/2021,New Delhi,Hyderabad,21:20,08:05,10h 45m,1 Stop,5955
SpiceJet,27/11/2021,New Delhi,Hyderabad,18:25,07:30,13h 05m,1 Stop,5955
SpiceJet,27/11/2021,New Delhi,Hyderabad,18:25,19:35,25h 10m,1 Stop,5955
SpiceJet,27/11/2021,New Delhi,Hyderabad,6:15,07:30,25h 15m,1 Stop,5955
Air Asia,27/11/2021,New Delhi,Hyderabad,16:15,20:25,4h 10m,1 Stop,5956
IndiGo,27/11/2021,New Delhi,Hyderabad,17:45,20:00,2h 15m,Non Stop,6165
IndiGo,27/11/2021,New Delhi,Hyderabad,21:15,23:30,2h 15m,Non Stop,6165
IndiGo,27/11/2021,New Delhi,Hyderabad,13:00,15:15,2h 15m,Non Stop,6375
Air Asia,27/11/2021,New Delhi,Hyderabad,12:40,21:25,8h 45m,1 Stop,6764
Air India,27/11/2021,New Delhi,Hyderabad,9:45,11:55,2h 10m,Non Stop,6795
Air India,27/11/2021,New Delhi,Hyderabad,8:10,10:30,2h 20m,Non Stop,6795
IndiGo,27/11/2021,New Delhi,Hyderabad,7:00,11:20,4h 20m,1 Stop,7908
Air India,27/11/2021,New Delhi,Hyderabad,17:50,07:15,13h 25m,1 Stop,8112
Air India,27/11/2021,New Delhi,Hyderabad,10:40,07:15,20h 35m,1 Stop,8112
Air India,27/11/2021,New Delhi,Hyderabad,9:00,07:15,22h 15m,1 Stop,8112
Air India,27/11/2021,New Delhi,Hyderabad,8:00,07:15,23h 15m,1 Stop,8112
Air India,27/11/2021,New Delhi,Hyderabad,7:00,07:15,24h 15m,1 Stop,8112
Air India,27/11/2021,New Delhi,Hyderabad,15:05,21:35,6h 30m,2 Stop(s),8816
Air India,27/11/2021,New Delhi,Hyderabad,10:40,21:35,10h 55m,1 Stop,8816
Air India,27/11/2021,New Delhi,Hyderabad,9:00,21:35,12h 35m,1 Stop,8816
Air India,27/11/2021,New Delhi,Hyderabad,8:00,21:35,13h 35m,1 Stop,8816
Air India,27/11/2021,New Delhi,Hyderabad,7:00,21:35,14h 35m,1 Stop,8816
IndiGo,27/11/2021,New Delhi,Hyderabad,14:40,22:45,8h 05m,1 Stop,9210
Air India,27/11/2021,New Delhi,Hyderabad,17:20,08:50,15h 30m,1 Stop,9302
Vistara,27/11/2021,New Delhi,Hyderabad,15:30,20:55,5h 25m,1 Stop,9840
Vistara,27/11/2021,New Delhi,Hyderabad,6:00,12:15,6h 15m,1 Stop,9840
Air Asia,27/11/2021,New Delhi,Hyderabad,12:40,19:15,6h 35m,1 Stop,9840
Air Asia,27/11/2021,New Delhi,Hyderabad,12:10,21:25,9h 15m,1 Stop,9840
Vistara,27/11/2021,New Delhi,Hyderabad,21:40,07:50,10h 10m,1 Stop,9840
Vistara,27/11/2021,New Delhi,Hyderabad,17:45,07:50,14h 05m,1 Stop,9840
Vistara,27/11/2021,New Delhi,Hyderabad,21:40,12:15,14h 35m,1 Stop,9840
Vistara,27/11/2021,New Delhi,Hyderabad,6:00,20:55,14h 55m,1 Stop,9840
Vistara,27/11/2021,New Delhi,Hyderabad,7:30,12:15,4h 45m,1 Stop,10260
Vistara,27/11/2021,New Delhi,Hyderabad,9:30,20:55,11h 25m,1 Stop,10260
Vistara,27/11/2021,New Delhi,Hyderabad,8:50,20:55,12h 05m,1 Stop,10260
Go First,27/11/2021,New Delhi,Hyderabad,6:05,13:20,7h 15m,1 Stop,10575
Vistara,27/11/2021,New Delhi,Hyderabad,12:50,20:55,8h 05m,1 Stop,10575
Vistara,27/11/2021,New Delhi,Hyderabad,11:40,20:55,9h 15m,1 Stop,10575
Vistara,27/11/2021,New Delhi,Hyderabad,10:20,20:55,10h 35m,1 Stop,10575
Vistara,27/11/2021,New Delhi,Hyderabad,20:40,07:50,11h 10m,1 Stop,10575
Vistara,27/11/2021,New Delhi,Hyderabad,19:50,07:50,12h 00m,1 Stop,10575
Vistara,27/11/2021,New Delhi,Hyderabad,16:55,07:50,14h 55m,1 Stop,10575
Air India,27/11/2021,New Delhi,Hyderabad,21:15,08:50,11h 35m,1 Stop,10605
Air India,27/11/2021,New Delhi,Hyderabad,13:30,08:50,19h 20m,1 Stop,10605
Air India,27/11/2021,New Delhi,Hyderabad,9:45,08:50,23h 05m,1 Stop,10605
Air India,27/11/2021,New Delhi,Hyderabad,6:10,08:50,26h 40m,1 Stop,10605
Air India,27/11/2021,New Delhi,Hyderabad,22:00,21:00,23h 05m,2 Stop(s),10794
Air India,27/11/2021,New Delhi,Hyderabad,6:50,21:15,14h 25m,1 Stop,10981
Air Asia,27/11/2021,New Delhi,Hyderabad,12:10,19:15,7h 05m,1 Stop,11206
IndiGo,27/11/2021,New Delhi,Hyderabad,5:30,11:00,5h 30m,1 Stop,11258
Air India,27/11/2021,New Delhi,Hyderabad,13:30,08:50,19h 20m,1 Stop,10605
Air India,27/11/2021,New Delhi,Hyderabad,9:45,08:50,23h 05m,1 Stop,10605
Air India,27/11/2021,New Delhi,Hyderabad,6:10,08:50,26h 40m,1 Stop,10605
Air India,27/11/2021,New Delhi,Hyderabad,22:00,21:00,23h 05m,2 Stop(s),10794
Air India,27/11/2021,New Delhi,Hyderabad,6:50,21:15,14h 25m,1 Stop,10981
Air Asia,27/11/2021,New Delhi,Hyderabad,12:10,19:15,7h 05m,1 Stop,11206
IndiGo,27/11/2021,New Delhi,Hyderabad,5:30,11:00,5h 30m,1 Stop,11258
Vistara,27/11/2021,New Delhi,Hyderabad,14:15,20:25,6h 10m,1 Stop,11310
Air India,27/11/2021,New Delhi,Hyderabad,13:30,20:15,6h 45m,1 Stop,11310
Air India,27/11/2021,New Delhi,Hyderabad,9:45,20:15,10h 30m,1 Stop,11310
Vistara,27/11/2021,New Delhi,Hyderabad,8:05,20:25,12h 20m,1 Stop,11310
Air India,27/11/2021,New Delhi,Hyderabad,9:45,19:00,9h 15m,2 Stop(s),11678
Air India,27/11/2021,New Delhi,Hyderabad,6:10,19:00,12h 50m,2 Stop(s),11678
Go First,27/11/2021,New Delhi,Hyderabad,10:45,23:20,12h 35m,1 Stop,15039
Air India,27/11/2021,New Delhi,Hyderabad,10:55,21:05,10h 10m,2 Stop(s),15983
IndiGo,27/11/2021,New Delhi,Hyderabad,11:20,17:35,6h 15m,1 Stop,16718
Vistara,27/11/2021,New Delhi,Hyderabad,8:05,20:25,12h 20m,1 Stop,11310
Air India,27/11/2021,New Delhi,Hyderabad,9:45,19:00,9h 15m,2 Stop(s),11678
Air India,27/11/2021,New Delhi,Hyderabad,6:10,19:00,12h 50m,2 Stop(s),11678
Go First,27/11/2021,New Delhi,Hyderabad,10:45,23:20,12h 35m,1 Stop,15039